{
    "gpsHeading": 0, 
    "gpsLatitude": 50.09899045537143, 
    "gpsLongitude": 8.668101405390463, 
    "outsideTemperature": 25.0, 
    "speed": 7.3648750000000005, 
    "yawRate": -0.005918971656540826
}