{
    "gpsHeading": 316, 
    "gpsLatitude": 50.10032242360497, 
    "gpsLongitude": 8.667699493133222, 
    "outsideTemperature": 28.0, 
    "speed": 9.0356875, 
    "yawRate": -0.00038640542716278153
}