{
    "gpsHeading": 261, 
    "gpsLatitude": 51.95893644628457, 
    "gpsLongitude": 7.645097331318458, 
    "outsideTemperature": 26.5, 
    "speed": 3.9318125000000004, 
    "yawRate": -0.02742717546137262
}