{
    "gpsHeading": 37, 
    "gpsLatitude": 47.54573769027105, 
    "gpsLongitude": 9.686194103297094, 
    "outsideTemperature": 16.0, 
    "speed": 3.95675, 
    "yawRate": -0.09553308277421285
}