{
    "gpsHeading": 239, 
    "gpsLatitude": 51.97434280341537, 
    "gpsLongitude": 7.613274262448119, 
    "outsideTemperature": 27.0, 
    "speed": 7.3565625, 
    "yawRate": 0.005644715369514934
}