{
    "gpsHeading": 27, 
    "gpsLatitude": 51.94864196044309, 
    "gpsLongitude": 7.615921770384973, 
    "outsideTemperature": 20.0, 
    "speed": 15.1869375, 
    "yawRate": 0.008116929300666766
}