{
    "gpsHeading": 103, 
    "gpsLatitude": 50.11872715513954, 
    "gpsLongitude": 8.661077538167877, 
    "outsideTemperature": 28.5, 
    "speed": 6.41725, 
    "yawRate": -0.0014381493007008437
}