{
    "gpsHeading": 272, 
    "gpsLatitude": 51.967570560926106, 
    "gpsLongitude": 7.659727608034279, 
    "outsideTemperature": 27.0, 
    "speed": 5.669125, 
    "yawRate": 0.031497778773082186
}