{
    "gpsHeading": 293, 
    "gpsLatitude": 47.556293188577406, 
    "gpsLongitude": 9.688538270158038, 
    "outsideTemperature": 20.0, 
    "speed": 10.4155625, 
    "yawRate": 0.010988786962873542
}