{
    "gpsHeading": 347, 
    "gpsLatitude": 50.10895461040877, 
    "gpsLongitude": 8.674935003410978, 
    "outsideTemperature": 30.0, 
    "speed": 5.9268125000000005, 
    "yawRate": 0.006009679987574509
}