{
    "gpsHeading": 237, 
    "gpsLatitude": 50.106778500706476, 
    "gpsLongitude": 8.673918613831978, 
    "outsideTemperature": 30.5, 
    "speed": 9.925125000000001, 
    "yawRate": 0.04292467242898809
}