{
    "gpsHeading": 247, 
    "gpsLatitude": 50.10754795941794, 
    "gpsLongitude": 8.675853911456052, 
    "outsideTemperature": 33.5, 
    "speed": 4.3557500000000005, 
    "yawRate": -0.16573071840866466
}