{
    "gpsHeading": 340, 
    "gpsLatitude": 51.969072262698944, 
    "gpsLongitude": 7.6591762464434225, 
    "outsideTemperature": 24.0, 
    "speed": 6.4920625, 
    "yawRate": -0.04826376804305721
}