{
    "gpsHeading": 331, 
    "gpsLatitude": 50.11341076541273, 
    "gpsLongitude": 8.683708928197472, 
    "outsideTemperature": 29.0, 
    "speed": 0.049875, 
    "yawRate": 0.0006862104483168693
}