{
    "gpsHeading": 25, 
    "gpsLatitude": 50.10342716436003, 
    "gpsLongitude": 8.67977890525581, 
    "outsideTemperature": 31.0, 
    "speed": 5.985, 
    "yawRate": -0.054871328414406145
}