{
    "gpsHeading": 67, 
    "gpsLatitude": 51.96530644124047, 
    "gpsLongitude": 7.602700659230914, 
    "outsideTemperature": 28.0, 
    "speed": 15.0955, 
    "yawRate": -0.0009728791986889217
}