{
    "gpsHeading": 105, 
    "gpsLatitude": 50.11378878924592, 
    "gpsLongitude": 8.671546702871515, 
    "outsideTemperature": 29.5, 
    "speed": 8.3208125, 
    "yawRate": -0.010528426885784306
}