{
    "gpsHeading": 200, 
    "gpsLatitude": 47.54815377386126, 
    "gpsLongitude": 9.689384088007444, 
    "outsideTemperature": 15.5, 
    "speed": 3.0839375, 
    "yawRate": 0.010755063565015094
}