{
    "gpsHeading": 66, 
    "gpsLatitude": 50.102829367025585, 
    "gpsLongitude": 8.691967533576767, 
    "outsideTemperature": 33.0, 
    "speed": 8.212750000000002, 
    "yawRate": 0.021933018370430178
}