{
    "gpsHeading": 90, 
    "gpsLatitude": 50.11212464618956, 
    "gpsLongitude": 8.684064739987251, 
    "outsideTemperature": 35.0, 
    "speed": 0.0, 
    "yawRate": -0.00012806426616529163
}