{
    "gpsHeading": 225, 
    "gpsLatitude": 51.96406055515254, 
    "gpsLongitude": 7.625869245434999, 
    "outsideTemperature": 28.0, 
    "speed": 4.505375, 
    "yawRate": 0.007406801752426001
}