{
    "gpsHeading": 314, 
    "gpsLatitude": 50.11264105524417, 
    "gpsLongitude": 8.675764225092081, 
    "outsideTemperature": 36.5, 
    "speed": 0.0, 
    "yawRate": -0.0001101205041984701
}