{
    "gpsHeading": 352, 
    "gpsLatitude": 51.97361726587654, 
    "gpsLongitude": 7.636935117825667, 
    "outsideTemperature": 26.0, 
    "speed": 0.0, 
    "yawRate": -0.0006132757952224757
}