{
    "gpsHeading": 75, 
    "gpsLatitude": 50.10003911527765, 
    "gpsLongitude": 8.68221585978491, 
    "outsideTemperature": 37.5, 
    "speed": 6.5253125, 
    "yawRate": 0.0014188526532816343
}