{
    "gpsHeading": 219, 
    "gpsLatitude": 51.944057813777654, 
    "gpsLongitude": 7.628898968156641, 
    "outsideTemperature": 20.5, 
    "speed": 10.9725, 
    "yawRate": -0.021697637168528867
}