{
    "gpsHeading": 0, 
    "gpsLatitude": 50.09776544022241, 
    "gpsLongitude": 8.679753088994032, 
    "outsideTemperature": 34.0, 
    "speed": 9.193625, 
    "yawRate": -0.012594185939000297
}