{
    "gpsHeading": 68, 
    "gpsLatitude": 51.94806201656242, 
    "gpsLongitude": 7.63017762748599, 
    "outsideTemperature": 19.5, 
    "speed": 8.329125, 
    "yawRate": -0.08905673323124051
}