{
    "gpsHeading": 93, 
    "gpsLatitude": 51.95620084454534, 
    "gpsLongitude": 7.64070035255091, 
    "outsideTemperature": 24.5, 
    "speed": 8.9359375, 
    "yawRate": -0.03989091292424035
}