{
    "gpsHeading": 65, 
    "gpsLatitude": 51.947127853453544, 
    "gpsLongitude": 7.62582012748238, 
    "outsideTemperature": 20.0, 
    "speed": 8.47875, 
    "yawRate": 0.002922118348858781
}