{
    "gpsHeading": 182, 
    "gpsLatitude": 50.1169801988798, 
    "gpsLongitude": 8.670937506148755, 
    "outsideTemperature": 28.0, 
    "speed": 10.9309375, 
    "yawRate": 0.03666212047664702
}