{
    "gpsHeading": 168, 
    "gpsLatitude": 51.95471221854147, 
    "gpsLongitude": 7.637873723343212, 
    "outsideTemperature": 23.5, 
    "speed": 3.009125, 
    "yawRate": 0.003273052318544559
}