{
    "gpsHeading": 99, 
    "gpsLatitude": 51.95729141396745, 
    "gpsLongitude": 7.6385726064299195, 
    "outsideTemperature": 27.0, 
    "speed": 4.605125, 
    "yawRate": -0.10935501715361283
}