{
    "gpsHeading": 171, 
    "gpsLatitude": 50.10949767391548, 
    "gpsLongitude": 8.685170815930224, 
    "outsideTemperature": 30.0, 
    "speed": 1.03075, 
    "yawRate": -0.06265991594685758
}