{
    "gpsHeading": 174, 
    "gpsLatitude": 50.11321714344939, 
    "gpsLongitude": 8.683917553767499, 
    "outsideTemperature": 32.0, 
    "speed": 5.411437500000001, 
    "yawRate": -0.0025759204173395247
}