{
    "gpsHeading": 70, 
    "gpsLatitude": 51.955609166000215, 
    "gpsLongitude": 7.623130961486763, 
    "outsideTemperature": 23.0, 
    "speed": 7.697375, 
    "yawRate": -0.04200561298002056
}