{
    "gpsHeading": 336, 
    "gpsLatitude": 51.95810420711832, 
    "gpsLongitude": 7.630068998020821, 
    "outsideTemperature": 30.5, 
    "speed": 5.0290625, 
    "yawRate": 0.005166228001759832
}