{
    "gpsHeading": 8, 
    "gpsLatitude": 50.11133909422399, 
    "gpsLongitude": 8.665571411736122, 
    "outsideTemperature": 31.0, 
    "speed": 5.935125, 
    "yawRate": 0.002112776227384802
}