{
    "gpsHeading": 106, 
    "gpsLatitude": 50.119369376560805, 
    "gpsLongitude": 8.658501946960264, 
    "outsideTemperature": 29.0, 
    "speed": 9.576, 
    "yawRate": -0.0014381493007008437
}