{
    "gpsHeading": 1, 
    "gpsLatitude": 51.95638088782554, 
    "gpsLongitude": 7.626509287561443, 
    "outsideTemperature": 23.5, 
    "speed": 3.15875, 
    "yawRate": 0.02309516811936714
}