{
    "gpsHeading": 352, 
    "gpsLatitude": 51.94641086545598, 
    "gpsLongitude": 7.622369549402328, 
    "outsideTemperature": 23.0, 
    "speed": 12.93425, 
    "yawRate": 0.006391478788295303
}