{
    "gpsHeading": 80, 
    "gpsLatitude": 51.957395349566816, 
    "gpsLongitude": 7.618487638584904, 
    "outsideTemperature": 26.5, 
    "speed": 7.6475, 
    "yawRate": -0.020840366691436494
}