{
    "gpsHeading": 348, 
    "gpsLatitude": 51.96125999366371, 
    "gpsLongitude": 7.617750701657765, 
    "outsideTemperature": 27.5, 
    "speed": 12.7929375, 
    "yawRate": 0.027010224489381424
}