{
    "gpsHeading": 334, 
    "gpsLatitude": 51.951265328498806, 
    "gpsLongitude": 7.62094982264257, 
    "outsideTemperature": 21.5, 
    "speed": 12.551875, 
    "yawRate": 0.05261701125951891
}