{
    "gpsHeading": 21, 
    "gpsLatitude": 50.113716621059595, 
    "gpsLongitude": 8.669532782995658, 
    "outsideTemperature": 28.5, 
    "speed": 9.243500000000001, 
    "yawRate": 0.015877347287485837
}