{
    "gpsHeading": 163, 
    "gpsLatitude": 51.950431664409024, 
    "gpsLongitude": 7.621393728234701, 
    "outsideTemperature": 19.5, 
    "speed": 7.988312500000001, 
    "yawRate": 0.004975336647076906
}