{
    "gpsHeading": 216, 
    "gpsLatitude": 50.114368230212406, 
    "gpsLongitude": 8.670022537598173, 
    "outsideTemperature": 29.5, 
    "speed": 4.8129375, 
    "yawRate": -0.0019260102409112002
}