{
    "gpsHeading": 328, 
    "gpsLatitude": 50.099191872504726, 
    "gpsLongitude": 8.680039750082617, 
    "outsideTemperature": 32.5, 
    "speed": 5.037375, 
    "yawRate": -0.10097280387094963
}