{
    "gpsHeading": 258, 
    "gpsLatitude": 51.96183616568795, 
    "gpsLongitude": 7.613274262448119, 
    "outsideTemperature": 31.0, 
    "speed": 13.042312500000001, 
    "yawRate": -0.05893107129551802
}