{
    "gpsHeading": 325, 
    "gpsLatitude": 50.10235604095329, 
    "gpsLongitude": 8.68032054383898, 
    "outsideTemperature": 32.0, 
    "speed": 4.131312500000001, 
    "yawRate": -0.01088903126414978
}