{
    "gpsHeading": 89, 
    "gpsLatitude": 51.967618086317096, 
    "gpsLongitude": 7.6558323699907795, 
    "outsideTemperature": 26.5, 
    "speed": 9.4346875, 
    "yawRate": -0.003671626181634407
}