{
    "gpsHeading": 46, 
    "gpsLatitude": 51.9576622293639, 
    "gpsLongitude": 7.627515115942425, 
    "outsideTemperature": 23.0, 
    "speed": 3.108875, 
    "yawRate": -0.060680635976359455
}