{
    "gpsHeading": 89, 
    "gpsLatitude": 51.9678899952561, 
    "gpsLongitude": 7.652860650039116, 
    "outsideTemperature": 23.5, 
    "speed": 10.556875, 
    "yawRate": 0.014689317428175553
}