{
    "gpsHeading": 47, 
    "gpsLatitude": 50.10353436890162, 
    "gpsLongitude": 8.665950022302537, 
    "outsideTemperature": 34.5, 
    "speed": 9.359875, 
    "yawRate": 0.0006003554697689402
}