{
    "gpsHeading": 68, 
    "gpsLatitude": 50.117043566067814, 
    "gpsLongitude": 8.679773373199714, 
    "outsideTemperature": 27.0, 
    "speed": 7.838687500000001, 
    "yawRate": -0.046806974169759166
}