{
    "gpsHeading": 355, 
    "gpsLatitude": 50.118648532887754, 
    "gpsLongitude": 8.67095586251671, 
    "outsideTemperature": 28.0, 
    "speed": 9.052312500000001, 
    "yawRate": 0.01354836388497398
}