{
    "gpsHeading": 45, 
    "gpsLatitude": 51.95915362139583, 
    "gpsLongitude": 7.629174816590117, 
    "outsideTemperature": 27.5, 
    "speed": 6.3923125, 
    "yawRate": -0.010716268191388736
}