{
    "gpsHeading": 239, 
    "gpsLatitude": 50.105069933563286, 
    "gpsLongitude": 8.671067258009906, 
    "outsideTemperature": 28.5, 
    "speed": 10.324125, 
    "yawRate": -0.0029774868984619954
}