{
    "gpsHeading": 311, 
    "gpsLatitude": 50.099154908311725, 
    "gpsLongitude": 8.668444979601606, 
    "outsideTemperature": 26.5, 
    "speed": 0.0, 
    "yawRate": -0.00012217279150720205
}