{
    "gpsHeading": 324, 
    "gpsLatitude": 50.10412269468548, 
    "gpsLongitude": 8.667710305788317, 
    "outsideTemperature": 33.0, 
    "speed": 6.7165, 
    "yawRate": -0.002400305770867155
}