{
    "gpsHeading": 270, 
    "gpsLatitude": 47.54680152142204, 
    "gpsLongitude": 9.687766296875642, 
    "outsideTemperature": 16.0, 
    "speed": 4.5801875, 
    "yawRate": 0.16521910747373555
}