{
    "gpsHeading": 306, 
    "gpsLatitude": 51.94202780064769, 
    "gpsLongitude": 7.6238839916679915, 
    "outsideTemperature": 21.0, 
    "speed": 8.503687500000002, 
    "yawRate": -0.031874229562531324
}