{
    "gpsHeading": 57, 
    "gpsLatitude": 50.120769070572, 
    "gpsLongitude": 8.669453071096465, 
    "outsideTemperature": 28.0, 
    "speed": 2.0282500000000003, 
    "yawRate": -0.03489637885511929
}