{
    "gpsHeading": 335, 
    "gpsLatitude": 50.106712451309456, 
    "gpsLongitude": 8.67148945447283, 
    "outsideTemperature": 29.0, 
    "speed": 6.359062500000001, 
    "yawRate": 0.01875177969050966
}