{
    "gpsHeading": 0, 
    "gpsLatitude": 50.117576571290705, 
    "gpsLongitude": 8.670939182529393, 
    "outsideTemperature": 28.5, 
    "speed": 10.789625000000001, 
    "yawRate": -0.009240038850803075
}