{
    "gpsHeading": 44, 
    "gpsLatitude": 51.966461132221866, 
    "gpsLongitude": 7.61731651907328, 
    "outsideTemperature": 33.5, 
    "speed": 0.0, 
    "yawRate": 6.642617041638203e-05
}