{
    "gpsHeading": 143, 
    "gpsLatitude": 50.09876883785149, 
    "gpsLongitude": 8.67763171311947, 
    "outsideTemperature": 32.0, 
    "speed": 11.5128125, 
    "yawRate": 0.010843094646826463
}