{
    "gpsHeading": 192, 
    "gpsLatitude": 51.94796059553399, 
    "gpsLongitude": 7.623991531485715, 
    "outsideTemperature": 20.0, 
    "speed": 5.6940625, 
    "yawRate": 8.841474149334175e-05
}