{
    "gpsHeading": 86, 
    "gpsLatitude": 51.96804279735098, 
    "gpsLongitude": 7.648319251079891, 
    "outsideTemperature": 26.5, 
    "speed": 11.4629375, 
    "yawRate": -0.0014766979940744284
}