{
    "gpsHeading": 0, 
    "gpsLatitude": 50.111079087587505, 
    "gpsLongitude": 8.679447233347176, 
    "outsideTemperature": 30.0, 
    "speed": 0.0, 
    "yawRate": -0.0007813713730028087
}