{
    "gpsHeading": 188, 
    "gpsLatitude": 51.94766613927546, 
    "gpsLongitude": 7.623896229246623, 
    "outsideTemperature": 20.0, 
    "speed": 8.9359375, 
    "yawRate": 0.003230007395083201
}