{
    "gpsHeading": 331, 
    "gpsLatitude": 50.11563129920186, 
    "gpsLongitude": 8.670836420396466, 
    "outsideTemperature": 33.0, 
    "speed": 0.0, 
    "yawRate": 0.0003364683073324628
}