{
    "gpsHeading": 301, 
    "gpsLatitude": 50.10526045422245, 
    "gpsLongitude": 8.666749152951242, 
    "outsideTemperature": 30.5, 
    "speed": 5.935125, 
    "yawRate": -0.015403579570221407
}