{
    "gpsHeading": 234, 
    "gpsLatitude": 50.106236275390096, 
    "gpsLongitude": 8.66916892457883, 
    "outsideTemperature": 31.0, 
    "speed": 11.787125000000001, 
    "yawRate": -0.003261556833134907
}