{
    "gpsHeading": 83, 
    "gpsLatitude": 51.96061944862308, 
    "gpsLongitude": 7.624875654632615, 
    "outsideTemperature": 28.5, 
    "speed": 4.3474375, 
    "yawRate": -0.024358190633870142
}