{
    "gpsHeading": 60, 
    "gpsLatitude": 51.95552534696847, 
    "gpsLongitude": 7.626842635850707, 
    "outsideTemperature": 24.5, 
    "speed": 7.348250000000001, 
    "yawRate": 0.235676271012273
}