{
    "gpsHeading": 71, 
    "gpsLatitude": 50.11312745708541, 
    "gpsLongitude": 8.682406715720203, 
    "outsideTemperature": 29.0, 
    "speed": 3.9235, 
    "yawRate": -0.06249470847387679
}