{
    "gpsHeading": 59, 
    "gpsLatitude": 50.102410439504894, 
    "gpsLongitude": 8.688960861088864, 
    "outsideTemperature": 31.0, 
    "speed": 8.6865625, 
    "yawRate": -0.01019747135402018
}