{
    "gpsHeading": 76, 
    "gpsLatitude": 50.11983574565346, 
    "gpsLongitude": 8.654985319483192, 
    "outsideTemperature": 30.5, 
    "speed": 8.794625, 
    "yawRate": 0.0009831932312872353
}