{
    "gpsHeading": 72, 
    "gpsLatitude": 50.12083880800642, 
    "gpsLongitude": 8.66999026727095, 
    "outsideTemperature": 28.0, 
    "speed": 5.5610625, 
    "yawRate": -0.0050512486460167535
}