{
    "gpsHeading": 227, 
    "gpsLatitude": 50.106040725589025, 
    "gpsLongitude": 8.672676164324347, 
    "outsideTemperature": 29.5, 
    "speed": 11.3299375, 
    "yawRate": -0.020081713568006136
}