{
    "gpsHeading": 0, 
    "gpsLatitude": 50.11825517017176, 
    "gpsLongitude": 8.670888052920024, 
    "outsideTemperature": 28.0, 
    "speed": 10.07475, 
    "yawRate": -0.015872290008381414
}