{
    "gpsHeading": 67, 
    "gpsLatitude": 50.08509024242214, 
    "gpsLongitude": 8.64320891316038, 
    "outsideTemperature": 33.5, 
    "speed": 3.3000625, 
    "yawRate": 0.0051147669950173365
}