{
    "gpsHeading": 312, 
    "gpsLatitude": 50.10633099089596, 
    "gpsLongitude": 8.6688317206141, 
    "outsideTemperature": 32.5, 
    "speed": 6.101375000000001, 
    "yawRate": 0.0016491013399893752
}