{
    "gpsHeading": 156, 
    "gpsLatitude": 51.95990950142415, 
    "gpsLongitude": 7.611960985858638, 
    "outsideTemperature": 28.0, 
    "speed": 13.798750000000002, 
    "yawRate": 0.008481164742067868
}