{
    "gpsHeading": 3, 
    "gpsLatitude": 51.96175838162649, 
    "gpsLongitude": 7.627859528343908, 
    "outsideTemperature": 28.5, 
    "speed": 2.942625, 
    "yawRate": -0.04338227948060757
}