{
    "gpsHeading": 354, 
    "gpsLatitude": 51.96134917711348, 
    "gpsLongitude": 7.627587870861987, 
    "outsideTemperature": 28.5, 
    "speed": 2.6184375, 
    "yawRate": 0.0037416103232383283
}