{
    "gpsHeading": 79, 
    "gpsLatitude": 47.547368724809886, 
    "gpsLongitude": 9.685720777224798, 
    "outsideTemperature": 16.0, 
    "speed": 5.702375000000001, 
    "yawRate": -0.005648626296505797
}