{
    "gpsHeading": 65, 
    "gpsLatitude": 47.547361264916056, 
    "gpsLongitude": 9.686031578194532, 
    "outsideTemperature": 16.0, 
    "speed": 4.68825, 
    "yawRate": -0.1475438944836423
}