{
    "gpsHeading": 17, 
    "gpsLatitude": 51.94503505986882, 
    "gpsLongitude": 7.623317039737236, 
    "outsideTemperature": 21.0, 
    "speed": 0.0, 
    "yawRate": -0.00045830302663372405
}