{
    "gpsHeading": 140, 
    "gpsLatitude": 47.54503126347147, 
    "gpsLongitude": 9.68538768039263, 
    "outsideTemperature": 16.5, 
    "speed": 6.259312500000001, 
    "yawRate": 0.08516132924471519
}