{
    "gpsHeading": 45, 
    "gpsLatitude": 47.54611764194198, 
    "gpsLongitude": 9.687601843935317, 
    "outsideTemperature": 16.0, 
    "speed": 7.431375000000001, 
    "yawRate": -0.05917739989521311
}