{
    "gpsHeading": 33, 
    "gpsLatitude": 51.95475555298088, 
    "gpsLongitude": 7.627721478398606, 
    "outsideTemperature": 26.5, 
    "speed": 4.438875, 
    "yawRate": -0.006170158020159805
}