{
    "gpsHeading": 76, 
    "gpsLatitude": 50.11029521200258, 
    "gpsLongitude": 8.663622535428901, 
    "outsideTemperature": 33.5, 
    "speed": 0.0, 
    "yawRate": -0.0010583656549354062
}