{
    "gpsHeading": 148, 
    "gpsLatitude": 51.975624731686956, 
    "gpsLongitude": 7.623397925102876, 
    "outsideTemperature": 23.5, 
    "speed": 7.165375, 
    "yawRate": -0.03926466210153355
}