{
    "gpsHeading": 252, 
    "gpsLatitude": 51.95373279315546, 
    "gpsLongitude": 7.622952929863301, 
    "outsideTemperature": 24.0, 
    "speed": 4.3557500000000005, 
    "yawRate": -0.08319538332708629
}