{
    "gpsHeading": 314, 
    "gpsLatitude": 50.11069268185115, 
    "gpsLongitude": 8.658340595324145, 
    "outsideTemperature": 31.0, 
    "speed": 13.499500000000001, 
    "yawRate": 0.01295297476918876
}