{
    "gpsHeading": 249, 
    "gpsLatitude": 50.1020910051749, 
    "gpsLongitude": 8.681489484055763, 
    "outsideTemperature": 29.0, 
    "speed": 1.16375, 
    "yawRate": 0.0033142292981212726
}