{
    "gpsHeading": 67, 
    "gpsLatitude": 51.96193616179284, 
    "gpsLongitude": 7.64318759849906, 
    "outsideTemperature": 26.0, 
    "speed": 9.193625, 
    "yawRate": -0.004903680356043701
}