{
    "gpsHeading": 356, 
    "gpsLatitude": 51.95290139217953, 
    "gpsLongitude": 7.636631525292661, 
    "outsideTemperature": 25.5, 
    "speed": 12.061437500000002, 
    "yawRate": -0.016798234079389494
}