{
    "gpsHeading": 267, 
    "gpsLatitude": 51.97461194632633, 
    "gpsLongitude": 7.619128183625538, 
    "outsideTemperature": 22.5, 
    "speed": 0.56525, 
    "yawRate": 0.00026658821118095673
}