{
    "gpsHeading": 162, 
    "gpsLatitude": 51.95896167581312, 
    "gpsLongitude": 7.6292006328518855, 
    "outsideTemperature": 24.0, 
    "speed": 0.69825, 
    "yawRate": 0.042690806919636885
}