{
    "gpsHeading": 105, 
    "gpsLatitude": 51.9680650093944, 
    "gpsLongitude": 7.651967055341634, 
    "outsideTemperature": 24.5, 
    "speed": 9.31, 
    "yawRate": 0.0412183220584886
}