{
    "gpsHeading": 122, 
    "gpsLatitude": 51.95212950271614, 
    "gpsLongitude": 7.62015429621223, 
    "outsideTemperature": 19.5, 
    "speed": 10.9725, 
    "yawRate": -0.03813429587718179
}