{
    "gpsHeading": 19, 
    "gpsLatitude": 50.09867822947816, 
    "gpsLongitude": 8.67993363518842, 
    "outsideTemperature": 31.5, 
    "speed": 2.793, 
    "yawRate": 0.006429902907737572
}