{
    "gpsHeading": 73, 
    "gpsLatitude": 50.107495237246965, 
    "gpsLongitude": 8.668536677622342, 
    "outsideTemperature": 34.0, 
    "speed": 2.078125, 
    "yawRate": 0.0026772217539624507
}