{
    "gpsHeading": 175, 
    "gpsLatitude": 50.11239881824241, 
    "gpsLongitude": 8.679484448997272, 
    "outsideTemperature": 33.0, 
    "speed": 3.009125, 
    "yawRate": -0.0025553770022946677
}