{
    "gpsHeading": 5, 
    "gpsLatitude": 51.96498197776857, 
    "gpsLongitude": 7.623020907098054, 
    "outsideTemperature": 27.0, 
    "speed": 5.910187500000001, 
    "yawRate": -0.03291030396864237
}