{
    "gpsHeading": 12, 
    "gpsLatitude": 50.118699327220995, 
    "gpsLongitude": 8.664077002219052, 
    "outsideTemperature": 30.0, 
    "speed": 5.3781875, 
    "yawRate": -0.07085016144620186
}