{
    "gpsHeading": 104, 
    "gpsLatitude": 51.95592088897931, 
    "gpsLongitude": 7.641853702427778, 
    "outsideTemperature": 24.5, 
    "speed": 6.5419375, 
    "yawRate": 0.018228551167170547
}