{
    "gpsHeading": 181, 
    "gpsLatitude": 50.11091932851299, 
    "gpsLongitude": 8.688068104581694, 
    "outsideTemperature": 30.0, 
    "speed": 8.470437500000001, 
    "yawRate": -0.004428970086702924
}