{
    "gpsHeading": 77, 
    "gpsLatitude": 47.546244627775074, 
    "gpsLongitude": 9.686384959232377, 
    "outsideTemperature": 16.0, 
    "speed": 5.7771875, 
    "yawRate": 0.038333670853750244
}