{
    "gpsHeading": 124, 
    "gpsLatitude": 50.11308328445568, 
    "gpsLongitude": 8.679034759891934, 
    "outsideTemperature": 34.0, 
    "speed": 3.0756250000000005, 
    "yawRate": -0.20710796533602663
}