{
    "gpsHeading": 198, 
    "gpsLatitude": 51.96148362284041, 
    "gpsLongitude": 7.609588488164974, 
    "outsideTemperature": 31.5, 
    "speed": 7.1155, 
    "yawRate": 0.03693003154957488
}