{
    "gpsHeading": 150, 
    "gpsLatitude": 51.96713503723712, 
    "gpsLongitude": 7.656189522885083, 
    "outsideTemperature": 25.5, 
    "speed": 8.2875625, 
    "yawRate": 0.15061547969466127
}