{
    "gpsHeading": 330, 
    "gpsLatitude": 47.547509624602256, 
    "gpsLongitude": 9.688839934853316, 
    "outsideTemperature": 16.0, 
    "speed": 4.0149375, 
    "yawRate": -0.15551957460529914
}