{
    "gpsHeading": 266, 
    "gpsLatitude": 50.10676265890948, 
    "gpsLongitude": 8.69387005795943, 
    "outsideTemperature": 29.5, 
    "speed": 8.9691875, 
    "yawRate": 0.00017765318524918887
}