{
    "gpsHeading": 206, 
    "gpsLatitude": 47.546014628351955, 
    "gpsLongitude": 9.68626023651315, 
    "outsideTemperature": 16.0, 
    "speed": 3.6658125000000004, 
    "yawRate": 0.029607024593778748
}