{
    "gpsHeading": 85, 
    "gpsLatitude": 50.10735685202556, 
    "gpsLongitude": 8.66802697409027, 
    "outsideTemperature": 35.0, 
    "speed": 4.821250000000001, 
    "yawRate": -0.0034314306280176002
}