{
    "gpsHeading": 289, 
    "gpsLatitude": 47.547968198524956, 
    "gpsLongitude": 9.688936075282724, 
    "outsideTemperature": 16.0, 
    "speed": 6.9575625, 
    "yawRate": -0.13462845801888434
}