{
    "gpsHeading": 337, 
    "gpsLatitude": 51.96622006868655, 
    "gpsLongitude": 7.64618899038795, 
    "outsideTemperature": 23.5, 
    "speed": 11.5128125, 
    "yawRate": -0.03147719628974971
}