{
    "gpsHeading": 91, 
    "gpsLatitude": 51.95584947516424, 
    "gpsLongitude": 7.633076257241965, 
    "outsideTemperature": 27.0, 
    "speed": 7.040687500000001, 
    "yawRate": 0.1229476318285429
}