{
    "gpsHeading": 76, 
    "gpsLatitude": 50.10848631347839, 
    "gpsLongitude": 8.67245169695732, 
    "outsideTemperature": 33.5, 
    "speed": 3.009125, 
    "yawRate": -0.2779586816087833
}