{
    "gpsHeading": 1, 
    "gpsLatitude": 50.105318289354365, 
    "gpsLongitude": 8.6949022055164, 
    "outsideTemperature": 31.0, 
    "speed": 9.3765, 
    "yawRate": -0.09389559349724359
}