{
    "gpsHeading": 109, 
    "gpsLatitude": 50.11918489087192, 
    "gpsLongitude": 8.659265873615631, 
    "outsideTemperature": 28.5, 
    "speed": 10.9725, 
    "yawRate": -0.017844244269447265
}