{
    "gpsHeading": 264, 
    "gpsLatitude": 50.10942517045302, 
    "gpsLongitude": 8.660893890669312, 
    "outsideTemperature": 35.5, 
    "speed": 8.960875, 
    "yawRate": -0.0072928445539451195
}