{
    "gpsHeading": 95, 
    "gpsLatitude": 51.96073922601944, 
    "gpsLongitude": 7.620735665016438, 
    "outsideTemperature": 29.0, 
    "speed": 10.2493125, 
    "yawRate": 0.07774357060779681
}