{
    "gpsHeading": 242, 
    "gpsLatitude": 50.104296032443145, 
    "gpsLongitude": 8.665508379824246, 
    "outsideTemperature": 27.5, 
    "speed": 5.8769375, 
    "yawRate": -0.001156961015763389
}