{
    "gpsHeading": 94, 
    "gpsLatitude": 50.103459937601436, 
    "gpsLongitude": 8.69464027104218, 
    "outsideTemperature": 30.5, 
    "speed": 5.6857500000000005, 
    "yawRate": 0.002210797822894585
}