{
    "gpsHeading": 73, 
    "gpsLatitude": 50.11123130294917, 
    "gpsLongitude": 8.67972861383676, 
    "outsideTemperature": 35.5, 
    "speed": 6.2759375, 
    "yawRate": -5.3237062615592214e-06
}