{
    "gpsHeading": 129, 
    "gpsLatitude": 50.11248682822575, 
    "gpsLongitude": 8.688019154267153, 
    "outsideTemperature": 31.0, 
    "speed": 6.0431875, 
    "yawRate": -0.1543527528330133
}