{
    "gpsHeading": 100, 
    "gpsLatitude": 51.9576297913986, 
    "gpsLongitude": 7.616139029315279, 
    "outsideTemperature": 27.0, 
    "speed": 14.4305, 
    "yawRate": 0.0002781172576951721
}