{
    "gpsHeading": 178, 
    "gpsLatitude": 50.11298018704663, 
    "gpsLongitude": 8.673837225552147, 
    "outsideTemperature": 28.5, 
    "speed": 7.680750000000001, 
    "yawRate": 0.007797530260155845
}