{
    "gpsHeading": 89, 
    "gpsLatitude": 51.96696614188815, 
    "gpsLongitude": 7.65677265188896, 
    "outsideTemperature": 24.0, 
    "speed": 4.48875, 
    "yawRate": 0.003135157901143125
}