{
    "gpsHeading": 60, 
    "gpsLatitude": 51.966721977048664, 
    "gpsLongitude": 7.607529557469056, 
    "outsideTemperature": 26.0, 
    "speed": 11.080562500000001, 
    "yawRate": -0.018775237569031458
}