{
    "gpsHeading": 80, 
    "gpsLatitude": 51.95297506910843, 
    "gpsLongitude": 7.638147057205736, 
    "outsideTemperature": 25.5, 
    "speed": 10.689875, 
    "yawRate": 0.016439240834896774
}