{
    "gpsHeading": 21, 
    "gpsLatitude": 51.94413115543043, 
    "gpsLongitude": 7.6121948409572235, 
    "outsideTemperature": 22.0, 
    "speed": 10.723125000000001, 
    "yawRate": 0.007418797599868687
}