{
    "gpsHeading": 53, 
    "gpsLatitude": 51.95471506838855, 
    "gpsLongitude": 7.628613731991582, 
    "outsideTemperature": 24.5, 
    "speed": 5.88525, 
    "yawRate": 0.024722169740138987
}