{
    "gpsHeading": 347, 
    "gpsLatitude": 47.545780186520155, 
    "gpsLongitude": 9.686426868748267, 
    "outsideTemperature": 16.5, 
    "speed": 6.41725, 
    "yawRate": -0.20194533270834697
}