{
    "gpsHeading": 163, 
    "gpsLatitude": 50.11214241582429, 
    "gpsLongitude": 8.68431225758801, 
    "outsideTemperature": 35.0, 
    "speed": 5.48625, 
    "yawRate": -0.010474571312227995
}