{
    "gpsHeading": 115, 
    "gpsLatitude": 50.09714182662618, 
    "gpsLongitude": 8.679522838113813, 
    "outsideTemperature": 34.0, 
    "speed": 4.239375, 
    "yawRate": 0.10870619707460358
}