{
    "gpsHeading": 87, 
    "gpsLatitude": 47.6562865274271, 
    "gpsLongitude": 9.461405793198017, 
    "outsideTemperature": 30.0, 
    "speed": 10.3490625, 
    "yawRate": 0.04341629023982509
}