{
    "gpsHeading": 266, 
    "gpsLatitude": 50.10312130871316, 
    "gpsLongitude": 8.68606776338898, 
    "outsideTemperature": 30.0, 
    "speed": 7.98, 
    "yawRate": 0.04206053869239473
}