{
    "gpsHeading": 311, 
    "gpsLatitude": 50.1126746666759, 
    "gpsLongitude": 8.65493444133092, 
    "outsideTemperature": 28.5, 
    "speed": 11.321625000000001, 
    "yawRate": 0.00701885531240814
}