{
    "gpsHeading": 234, 
    "gpsLatitude": 51.94346672196575, 
    "gpsLongitude": 7.627748132850693, 
    "outsideTemperature": 20.5, 
    "speed": 8.379, 
    "yawRate": 0.08773450693151343
}