{
    "gpsHeading": 222, 
    "gpsLatitude": 50.10931461315014, 
    "gpsLongitude": 8.66109304468875, 
    "outsideTemperature": 32.5, 
    "speed": 0.0, 
    "yawRate": 0.00014234490538213122
}