{
    "gpsHeading": 188, 
    "gpsLatitude": 51.950504754604715, 
    "gpsLongitude": 7.624830979088709, 
    "outsideTemperature": 20.0, 
    "speed": 10.374, 
    "yawRate": 0.008465995151065308
}