{
    "gpsHeading": 225, 
    "gpsLatitude": 50.10903490904119, 
    "gpsLongitude": 8.68167749014398, 
    "outsideTemperature": 34.5, 
    "speed": 0.0, 
    "yawRate": 0.004058662625553116
}