{
    "gpsHeading": 188, 
    "gpsLatitude": 51.94722499971136, 
    "gpsLongitude": 7.631124028173452, 
    "outsideTemperature": 21.5, 
    "speed": 11.163687500000002, 
    "yawRate": 0.0076238942649745015
}