{
    "gpsHeading": 292, 
    "gpsLatitude": 51.970938661078904, 
    "gpsLongitude": 7.648774556060333, 
    "outsideTemperature": 21.0, 
    "speed": 10.964187500000001, 
    "yawRate": 0.05279079564741213
}