{
    "gpsHeading": 241, 
    "gpsLatitude": 50.111076321559466, 
    "gpsLongitude": 8.679448071537493, 
    "outsideTemperature": 28.0, 
    "speed": 0.0665, 
    "yawRate": -0.00044803824480440266
}