{
    "gpsHeading": 64, 
    "gpsLatitude": 50.112530749398395, 
    "gpsLongitude": 8.679826682103908, 
    "outsideTemperature": 29.0, 
    "speed": 2.9758750000000003, 
    "yawRate": -0.001999145921411465
}