{
    "gpsHeading": 113, 
    "gpsLatitude": 50.10292793820692, 
    "gpsLongitude": 8.663944484329853, 
    "outsideTemperature": 34.5, 
    "speed": 6.01825, 
    "yawRate": 0.06481869725283594
}