{
    "gpsHeading": 357, 
    "gpsLatitude": 47.545768787131834, 
    "gpsLongitude": 9.6841718853371, 
    "outsideTemperature": 17.0, 
    "speed": 0.149625, 
    "yawRate": 0.05426900148441639
}