{
    "gpsHeading": 73, 
    "gpsLatitude": 47.65650982132769, 
    "gpsLongitude": 9.46338995731761, 
    "outsideTemperature": 26.0, 
    "speed": 12.859437500000002, 
    "yawRate": 0.009033303975537891
}