{
    "gpsHeading": 85, 
    "gpsLatitude": 51.95770866510748, 
    "gpsLongitude": 7.628887904044422, 
    "outsideTemperature": 22.5, 
    "speed": 4.073125, 
    "yawRate": -0.023156057058482407
}