{
    "gpsHeading": 17, 
    "gpsLatitude": 47.54655819477287, 
    "gpsLongitude": 9.688447745603753, 
    "outsideTemperature": 16.0, 
    "speed": 6.65, 
    "yawRate": 0.0787036110123362
}