{
    "gpsHeading": 11, 
    "gpsLatitude": 50.112011322858635, 
    "gpsLongitude": 8.679428876979221, 
    "outsideTemperature": 29.0, 
    "speed": 5.81875, 
    "yawRate": -0.026079552785899452
}