{
    "gpsHeading": 45, 
    "gpsLatitude": 51.961889474592155, 
    "gpsLongitude": 7.617137062526313, 
    "outsideTemperature": 33.0, 
    "speed": 7.398125000000001, 
    "yawRate": -0.004985035936733172
}