{
    "gpsHeading": 21, 
    "gpsLatitude": 50.112741889539365, 
    "gpsLongitude": 8.680870312868226, 
    "outsideTemperature": 29.5, 
    "speed": 0.08312500000000002, 
    "yawRate": 0.0021896442833748554
}