{
    "gpsHeading": 57, 
    "gpsLatitude": 50.11029990586835, 
    "gpsLongitude": 8.678591943947199, 
    "outsideTemperature": 28.0, 
    "speed": 7.3233125, 
    "yawRate": -0.03570368913508926
}