{
    "gpsHeading": 71, 
    "gpsLatitude": 51.950805581109655, 
    "gpsLongitude": 7.624600141475266, 
    "outsideTemperature": 19.5, 
    "speed": 4.3474375, 
    "yawRate": -0.07688060527145572
}