{
    "gpsHeading": 47, 
    "gpsLatitude": 50.103334628148964, 
    "gpsLongitude": 8.66554115306566, 
    "outsideTemperature": 28.5, 
    "speed": 12.510312500000001, 
    "yawRate": 0.0002393023858320506
}