{
    "gpsHeading": 33, 
    "gpsLatitude": 50.111980728912044, 
    "gpsLongitude": 8.677055876371348, 
    "outsideTemperature": 34.0, 
    "speed": 2.7763750000000003, 
    "yawRate": 0.003378742454485953
}