{
    "gpsHeading": 23, 
    "gpsLatitude": 50.1116263420458, 
    "gpsLongitude": 8.684458102703253, 
    "outsideTemperature": 34.5, 
    "speed": 4.1645625, 
    "yawRate": 0.16178942585960943
}