{
    "gpsHeading": 192, 
    "gpsLatitude": 51.949171696723745, 
    "gpsLongitude": 7.624402328560351, 
    "outsideTemperature": 20.0, 
    "speed": 5.137125, 
    "yawRate": 0.006022534198273526
}