{
    "gpsHeading": 206, 
    "gpsLatitude": 50.10698712627651, 
    "gpsLongitude": 8.667948603295583, 
    "outsideTemperature": 36.0, 
    "speed": 0.76475, 
    "yawRate": 0.0009896886477139982
}