{
    "gpsHeading": 242, 
    "gpsLatitude": 50.104350766270876, 
    "gpsLongitude": 8.68235810068179, 
    "outsideTemperature": 31.0, 
    "speed": 8.628375, 
    "yawRate": 0.0001065430234143106
}