{
    "gpsHeading": 317, 
    "gpsLatitude": 50.107822131470805, 
    "gpsLongitude": 8.66477781314351, 
    "outsideTemperature": 27.0, 
    "speed": 7.7056875, 
    "yawRate": 0.0482358568156753
}