{
    "gpsHeading": 215, 
    "gpsLatitude": 50.10417214791421, 
    "gpsLongitude": 8.665208894423802, 
    "outsideTemperature": 36.0, 
    "speed": 0.0, 
    "yawRate": -7.532959234081752e-05
}