{
    "gpsHeading": 321, 
    "gpsLatitude": 50.10149211819304, 
    "gpsLongitude": 8.666319161318363, 
    "outsideTemperature": 26.5, 
    "speed": 10.93925, 
    "yawRate": -0.003004399305154232
}