{
    "gpsHeading": 310, 
    "gpsLatitude": 51.95776700315359, 
    "gpsLongitude": 7.630737035703891, 
    "outsideTemperature": 32.5, 
    "speed": 6.0930625, 
    "yawRate": -0.0007678914550203525
}