{
    "gpsHeading": 282, 
    "gpsLatitude": 51.95239395176132, 
    "gpsLongitude": 7.641134032221172, 
    "outsideTemperature": 26.0, 
    "speed": 8.628375, 
    "yawRate": 0.02359509076807384
}