{
    "gpsHeading": 76, 
    "gpsLatitude": 50.086761007182005, 
    "gpsLongitude": 8.646428905084088, 
    "outsideTemperature": 31.0, 
    "speed": 0.3574375, 
    "yawRate": 0.008105052913614227
}