{
    "gpsHeading": 2, 
    "gpsLatitude": 51.955366426084275, 
    "gpsLongitude": 7.6372098766117285, 
    "outsideTemperature": 23.0, 
    "speed": 5.968375, 
    "yawRate": 0.0029239864681460167
}