{
    "gpsHeading": 0, 
    "gpsLatitude": 50.10413686010185, 
    "gpsLongitude": 8.667192220353071, 
    "outsideTemperature": 27.0, 
    "speed": 7.7389375000000005, 
    "yawRate": 0.026244708240547126
}