{
    "gpsHeading": 316, 
    "gpsLatitude": 50.10823460492604, 
    "gpsLongitude": 8.663904167375584, 
    "outsideTemperature": 27.0, 
    "speed": 6.550250000000001, 
    "yawRate": -0.16835950335681735
}