{
    "gpsHeading": 12, 
    "gpsLatitude": 51.96781782706975, 
    "gpsLongitude": 7.610728175539672, 
    "outsideTemperature": 25.5, 
    "speed": 3.3166875, 
    "yawRate": 7.431835250769781e-05
}