{
    "gpsHeading": 110, 
    "gpsLatitude": 51.955574213463976, 
    "gpsLongitude": 7.645299838099148, 
    "outsideTemperature": 25.0, 
    "speed": 0.058187499999999996, 
    "yawRate": -9.740597876980073e-05
}