{
    "gpsHeading": 200, 
    "gpsLatitude": 47.55651296207865, 
    "gpsLongitude": 9.689545774919688, 
    "outsideTemperature": 20.5, 
    "speed": 5.336625, 
    "yawRate": 0.07556596928666344
}