{
    "gpsHeading": 49, 
    "gpsLatitude": 50.10531661297373, 
    "gpsLongitude": 8.66940060038259, 
    "outsideTemperature": 30.0, 
    "speed": 10.108, 
    "yawRate": -0.006904560313806551
}