{
    "gpsHeading": 333, 
    "gpsLatitude": 51.963532495252515, 
    "gpsLongitude": 7.627935971300867, 
    "outsideTemperature": 27.5, 
    "speed": 3.6491875000000005, 
    "yawRate": 0.060813876863451626
}