{
    "gpsHeading": 280, 
    "gpsLatitude": 51.967719758802616, 
    "gpsLongitude": 7.660728742549484, 
    "outsideTemperature": 22.5, 
    "speed": 0.016625, 
    "yawRate": -0.001241256706443497
}