{
    "gpsHeading": 317, 
    "gpsLatitude": 50.10419075573927, 
    "gpsLongitude": 8.689990829351009, 
    "outsideTemperature": 28.5, 
    "speed": 0.0, 
    "yawRate": 0.0001654149866439263
}