{
    "gpsHeading": 326, 
    "gpsLatitude": 50.10329079079536, 
    "gpsLongitude": 8.679600873632372, 
    "outsideTemperature": 31.0, 
    "speed": 1.197, 
    "yawRate": -0.04754094555603008
}