{
    "gpsHeading": 33, 
    "gpsLatitude": 51.96400699479124, 
    "gpsLongitude": 7.646848478529752, 
    "outsideTemperature": 25.5, 
    "speed": 11.354875, 
    "yawRate": -0.009835113565020231
}