{
    "gpsHeading": 304, 
    "gpsLatitude": 47.54504157321237, 
    "gpsLongitude": 9.685211325149833, 
    "outsideTemperature": 16.5, 
    "speed": 2.876125, 
    "yawRate": -0.04701292956877079
}