{
    "gpsHeading": 247, 
    "gpsLatitude": 50.10413300442639, 
    "gpsLongitude": 8.681860886185449, 
    "outsideTemperature": 30.5, 
    "speed": 8.07975, 
    "yawRate": 0.009182255133784671
}