{
    "gpsHeading": 232, 
    "gpsLatitude": 50.110318848969534, 
    "gpsLongitude": 8.685751933277349, 
    "outsideTemperature": 30.0, 
    "speed": 4.937625, 
    "yawRate": -0.06527790982484902
}