{
    "gpsHeading": 117, 
    "gpsLatitude": 50.10555440756681, 
    "gpsLongitude": 8.688959771441452, 
    "outsideTemperature": 29.0, 
    "speed": 9.293375000000001, 
    "yawRate": -0.0795961318294956
}