{
    "gpsHeading": 50, 
    "gpsLatitude": 51.96248450589854, 
    "gpsLongitude": 7.644771526742048, 
    "outsideTemperature": 24.0, 
    "speed": 10.091375000000001, 
    "yawRate": 0.017262001144284583
}