{
    "gpsHeading": 48, 
    "gpsLatitude": 50.113036597255004, 
    "gpsLongitude": 8.66839334707805, 
    "outsideTemperature": 28.0, 
    "speed": 0.349125, 
    "yawRate": -0.002425079827800378
}