{
    "gpsHeading": 308, 
    "gpsLatitude": 51.96464225923288, 
    "gpsLongitude": 7.623271526002983, 
    "outsideTemperature": 27.0, 
    "speed": 4.5136875000000005, 
    "yawRate": -0.01318808342110686
}