{
    "gpsHeading": 183, 
    "gpsLatitude": 50.11065655584846, 
    "gpsLongitude": 8.688030888931598, 
    "outsideTemperature": 28.5, 
    "speed": 9.925125000000001, 
    "yawRate": -0.02564105024568296
}