{
    "gpsHeading": 110, 
    "gpsLatitude": 50.118926560616075, 
    "gpsLongitude": 8.660367507149923, 
    "outsideTemperature": 28.0, 
    "speed": 6.0930625, 
    "yawRate": -0.011561058962267785
}