{
    "gpsHeading": 217, 
    "gpsLatitude": 50.107564052672046, 
    "gpsLongitude": 8.671371102, 
    "outsideTemperature": 31.0, 
    "speed": 7.622562500000001, 
    "yawRate": 0.005657321840290453
}