{
    "gpsHeading": 91, 
    "gpsLatitude": 47.552740183640545, 
    "gpsLongitude": 9.698552129881215, 
    "outsideTemperature": 15.5, 
    "speed": 16.533562500000002, 
    "yawRate": 0.002083656849786668
}