{
    "gpsHeading": 50, 
    "gpsLatitude": 51.96732086403052, 
    "gpsLongitude": 7.645752879965769, 
    "outsideTemperature": 26.0, 
    "speed": 0.0, 
    "yawRate": 6.169168533058005e-05
}