{
    "gpsHeading": 150, 
    "gpsLatitude": 50.10518937568353, 
    "gpsLongitude": 8.666331650354094, 
    "outsideTemperature": 29.5, 
    "speed": 4.788, 
    "yawRate": -0.007898663786645917
}