{
    "gpsHeading": 59, 
    "gpsLatitude": 47.54860656427076, 
    "gpsLongitude": 9.689987668855059, 
    "outsideTemperature": 16.0, 
    "speed": 13.042312500000001, 
    "yawRate": -0.0015815345794010056
}