{
    "gpsHeading": 262, 
    "gpsLatitude": 47.556686802750484, 
    "gpsLongitude": 9.689674101857277, 
    "outsideTemperature": 20.0, 
    "speed": 1.4713125, 
    "yawRate": 0.0031348053288993913
}