{
    "gpsHeading": 140, 
    "gpsLatitude": 51.95694834267048, 
    "gpsLongitude": 7.639254558072255, 
    "outsideTemperature": 28.5, 
    "speed": 6.342437500000001, 
    "yawRate": -0.012663776593129237
}