{
    "gpsHeading": 7, 
    "gpsLatitude": 50.10868940699232, 
    "gpsLongitude": 8.663605017251266, 
    "outsideTemperature": 27.5, 
    "speed": 7.2318750000000005, 
    "yawRate": 0.008616882795404691
}