{
    "gpsHeading": 30, 
    "gpsLatitude": 51.946675901234364, 
    "gpsLongitude": 7.614297609006762, 
    "outsideTemperature": 20.5, 
    "speed": 10.490375, 
    "yawRate": -0.005671171790088563
}