{
    "gpsHeading": 353, 
    "gpsLatitude": 51.94847977061666, 
    "gpsLongitude": 7.621896810063257, 
    "outsideTemperature": 24.5, 
    "speed": 12.061437500000002, 
    "yawRate": 0.03254572486158386
}