{
    "gpsHeading": 78, 
    "gpsLatitude": 51.96096444775776, 
    "gpsLongitude": 7.622391509988639, 
    "outsideTemperature": 28.5, 
    "speed": 8.9026875, 
    "yawRate": -0.056995847646163625
}