{
    "gpsHeading": 67, 
    "gpsLatitude": 51.968285285809834, 
    "gpsLongitude": 7.66397647857272, 
    "outsideTemperature": 23.0, 
    "speed": 1.1055625000000002, 
    "yawRate": -0.0035681332049197637
}