{
    "gpsHeading": 185, 
    "gpsLatitude": 51.94671697255992, 
    "gpsLongitude": 7.631041801703306, 
    "outsideTemperature": 21.0, 
    "speed": 11.6956875, 
    "yawRate": -0.030424283428500367
}