{
    "gpsHeading": 129, 
    "gpsLatitude": 51.95776951772454, 
    "gpsLongitude": 7.630732090380985, 
    "outsideTemperature": 27.0, 
    "speed": 6.741437500000001, 
    "yawRate": -0.002903544652764722
}