{
    "gpsHeading": 17, 
    "gpsLatitude": 51.958180063342056, 
    "gpsLongitude": 7.634689857422178, 
    "outsideTemperature": 25.5, 
    "speed": 6.61675, 
    "yawRate": 0.029747049772047722
}