{
    "gpsHeading": 38, 
    "gpsLatitude": 51.960686420029454, 
    "gpsLongitude": 7.626343996430833, 
    "outsideTemperature": 28.0, 
    "speed": 3.2585, 
    "yawRate": 0.03096874665434945
}