{
    "gpsHeading": 7, 
    "gpsLatitude": 50.11788301367078, 
    "gpsLongitude": 8.653384711252892, 
    "outsideTemperature": 27.5, 
    "speed": 12.684875000000002, 
    "yawRate": -0.0083400421051417
}