{
    "gpsHeading": 80, 
    "gpsLatitude": 47.54604237245147, 
    "gpsLongitude": 9.687253575858406, 
    "outsideTemperature": 16.0, 
    "speed": 6.8910625, 
    "yawRate": 0.0010364592985900479
}