{
    "gpsHeading": 348, 
    "gpsLatitude": 51.96390666341025, 
    "gpsLongitude": 7.601837574660976, 
    "outsideTemperature": 27.0, 
    "speed": 13.931750000000001, 
    "yawRate": -0.0383972435438744
}