{
    "gpsHeading": 84, 
    "gpsLatitude": 50.1209385526542, 
    "gpsLongitude": 8.673064497898444, 
    "outsideTemperature": 27.5, 
    "speed": 2.8428750000000003, 
    "yawRate": -0.002334132308174151
}