{
    "gpsHeading": 48, 
    "gpsLatitude": 50.10417214791421, 
    "gpsLongitude": 8.665208894423802, 
    "outsideTemperature": 38.0, 
    "speed": 0.0, 
    "yawRate": 0.0009611483424689232
}