{
    "gpsHeading": 144, 
    "gpsLatitude": 50.11124077449976, 
    "gpsLongitude": 8.686627758340101, 
    "outsideTemperature": 29.5, 
    "speed": 5.910187500000001, 
    "yawRate": 0.014134571140891635
}