{
    "gpsHeading": 274, 
    "gpsLatitude": 51.964150828249736, 
    "gpsLongitude": 7.624743974933756, 
    "outsideTemperature": 28.0, 
    "speed": 4.455500000000001, 
    "yawRate": -0.015107945598299834
}