{
    "gpsHeading": 107, 
    "gpsLatitude": 51.95547555846361, 
    "gpsLongitude": 7.645734020683632, 
    "outsideTemperature": 31.0, 
    "speed": 7.714, 
    "yawRate": 0.04479885822284138
}