{
    "gpsHeading": 200, 
    "gpsLatitude": 50.106786882609654, 
    "gpsLongitude": 8.68747114543757, 
    "outsideTemperature": 30.0, 
    "speed": 9.850312500000001, 
    "yawRate": -0.05917577958116228
}