{
    "gpsHeading": 2, 
    "gpsLatitude": 50.11242740053223, 
    "gpsLongitude": 8.679493669090764, 
    "outsideTemperature": 29.5, 
    "speed": 2.4106250000000005, 
    "yawRate": -0.12975724716739426
}