{
    "gpsHeading": 185, 
    "gpsLatitude": 51.961874470985464, 
    "gpsLongitude": 7.614791219284734, 
    "outsideTemperature": 37.0, 
    "speed": 8.894375, 
    "yawRate": 0.07800988118265897
}