{
    "gpsHeading": 137, 
    "gpsLatitude": 50.100707739693924, 
    "gpsLongitude": 8.675445545133368, 
    "outsideTemperature": 33.0, 
    "speed": 6.3923125, 
    "yawRate": 0.0013350671939073365
}