{
    "gpsHeading": 77, 
    "gpsLatitude": 51.952849172922754, 
    "gpsLongitude": 7.636122911408013, 
    "outsideTemperature": 27.5, 
    "speed": 11.8120625, 
    "yawRate": 0.01835910301209074
}