{
    "gpsHeading": 274, 
    "gpsLatitude": 47.54516788849322, 
    "gpsLongitude": 9.686143225144809, 
    "outsideTemperature": 16.5, 
    "speed": 5.3865, 
    "yawRate": 0.004299750439861595
}