{
    "gpsHeading": 246, 
    "gpsLatitude": 50.107705790654734, 
    "gpsLongitude": 8.671605292374709, 
    "outsideTemperature": 28.5, 
    "speed": 7.464625, 
    "yawRate": 0.005138211524954122
}