{
    "gpsHeading": 228, 
    "gpsLatitude": 50.10703716623847, 
    "gpsLongitude": 8.67050751451588, 
    "outsideTemperature": 28.5, 
    "speed": 8.0465, 
    "yawRate": -0.021390793105359244
}