{
    "gpsHeading": 348, 
    "gpsLatitude": 50.11563129920186, 
    "gpsLongitude": 8.670836420396466, 
    "outsideTemperature": 29.0, 
    "speed": 0.0, 
    "yawRate": 0.000135732764622577
}