{
    "gpsHeading": 67, 
    "gpsLatitude": 50.11563129920186, 
    "gpsLongitude": 8.670836420396466, 
    "outsideTemperature": 30.0, 
    "speed": 0.0, 
    "yawRate": -0.00026289782404154507
}