{
    "gpsHeading": 355, 
    "gpsLatitude": 50.11015992808534, 
    "gpsLongitude": 8.663775337523782, 
    "outsideTemperature": 29.0, 
    "speed": 5.893562500000001, 
    "yawRate": -0.0022041585669599693
}