{
    "gpsHeading": 246, 
    "gpsLatitude": 50.1084552166176, 
    "gpsLongitude": 8.679286971358469, 
    "outsideTemperature": 28.0, 
    "speed": 8.3873125, 
    "yawRate": -0.008814756233441003
}