{
    "gpsHeading": 350, 
    "gpsLatitude": 50.09363349723325, 
    "gpsLongitude": 8.652660598637606, 
    "outsideTemperature": 28.0, 
    "speed": 5.88525, 
    "yawRate": 0.005600201406621555
}