{
    "gpsHeading": 355, 
    "gpsLatitude": 50.0916718804332, 
    "gpsLongitude": 8.652969471769605, 
    "outsideTemperature": 31.0, 
    "speed": 7.4064375, 
    "yawRate": 0.008916326985410726
}