{
    "gpsHeading": 103, 
    "gpsLatitude": 47.547352128641606, 
    "gpsLongitude": 9.68633047686176, 
    "outsideTemperature": 16.0, 
    "speed": 5.095562500000001, 
    "yawRate": 0.13642117481583
}