{
    "gpsHeading": 203, 
    "gpsLatitude": 50.11147773090252, 
    "gpsLongitude": 8.679362240848981, 
    "outsideTemperature": 35.5, 
    "speed": 0.0, 
    "yawRate": -0.0006271943302816733
}