{
    "gpsHeading": 68, 
    "gpsLatitude": 50.11219689819493, 
    "gpsLongitude": 8.68451442909259, 
    "outsideTemperature": 35.0, 
    "speed": 7.7555625, 
    "yawRate": -0.005999766413497794
}