{
    "gpsHeading": 219, 
    "gpsLatitude": 51.95631810737076, 
    "gpsLongitude": 7.631355368701087, 
    "outsideTemperature": 23.0, 
    "speed": 11.837, 
    "yawRate": -0.01857024982536289
}