{
    "gpsHeading": 101, 
    "gpsLatitude": 50.10136077377028, 
    "gpsLongitude": 8.68606918831252, 
    "outsideTemperature": 31.0, 
    "speed": 0.016625, 
    "yawRate": -0.000501009523912096
}