{
    "gpsHeading": 181, 
    "gpsLatitude": 50.11349324333998, 
    "gpsLongitude": 8.687800889508475, 
    "outsideTemperature": 30.0, 
    "speed": 8.827875, 
    "yawRate": 0.036143605274915266
}