{
    "gpsHeading": 7, 
    "gpsLatitude": 50.11264105524417, 
    "gpsLongitude": 8.675764225092081, 
    "outsideTemperature": 29.5, 
    "speed": 0.0, 
    "yawRate": 0.0011652791025775042
}