{
    "gpsHeading": 80, 
    "gpsLatitude": 50.11232773970349, 
    "gpsLongitude": 8.685700552210884, 
    "outsideTemperature": 33.0, 
    "speed": 8.669937500000001, 
    "yawRate": 0.03222294420517737
}