{
    "gpsHeading": 171, 
    "gpsLatitude": 51.946785285070796, 
    "gpsLongitude": 7.6236970752271995, 
    "outsideTemperature": 20.5, 
    "speed": 5.095562500000001, 
    "yawRate": 0.06051798366467088
}