{
    "gpsHeading": 168, 
    "gpsLatitude": 51.964489457137994, 
    "gpsLongitude": 7.617736536241371, 
    "outsideTemperature": 31.5, 
    "speed": 13.848625, 
    "yawRate": -0.04604613154207418
}