{
    "gpsHeading": 164, 
    "gpsLatitude": 47.54779150800604, 
    "gpsLongitude": 9.685331605460378, 
    "outsideTemperature": 16.0, 
    "speed": 5.311687500000001, 
    "yawRate": 0.0029034870382664323
}