{
    "gpsHeading": 340, 
    "gpsLatitude": 51.95898196001881, 
    "gpsLongitude": 7.644394592556257, 
    "outsideTemperature": 30.0, 
    "speed": 4.4804375, 
    "yawRate": 0.0017285708015355515
}