{
    "gpsHeading": 218, 
    "gpsLatitude": 50.105851881310485, 
    "gpsLongitude": 8.665189448408437, 
    "outsideTemperature": 37.0, 
    "speed": 0.0, 
    "yawRate": -4.5824575854927626e-05
}