{
    "gpsHeading": 322, 
    "gpsLatitude": 51.966274718695246, 
    "gpsLongitude": 7.622767605984111, 
    "outsideTemperature": 30.0, 
    "speed": 12.4355, 
    "yawRate": 0.03246399826115626
}