{
    "gpsHeading": 142, 
    "gpsLatitude": 50.09802242937375, 
    "gpsLongitude": 8.67846613158054, 
    "outsideTemperature": 31.0, 
    "speed": 11.3964375, 
    "yawRate": -0.004690335695922806
}