{
    "gpsHeading": 321, 
    "gpsLatitude": 50.1048735455719, 
    "gpsLongitude": 8.66698141548822, 
    "outsideTemperature": 31.5, 
    "speed": 5.461312500000001, 
    "yawRate": -0.07038145100804186
}