{
    "gpsHeading": 358, 
    "gpsLatitude": 50.11114798683161, 
    "gpsLongitude": 8.679427535874714, 
    "outsideTemperature": 30.0, 
    "speed": 4.788, 
    "yawRate": -0.05435388666820711
}