{
    "gpsHeading": 105, 
    "gpsLatitude": 47.656592885988154, 
    "gpsLongitude": 9.459396315730842, 
    "outsideTemperature": 22.0, 
    "speed": 12.4770625, 
    "yawRate": -0.00033034842486630083
}