{
    "gpsHeading": 23, 
    "gpsLatitude": 51.95045890559434, 
    "gpsLongitude": 7.617489018640616, 
    "outsideTemperature": 20.0, 
    "speed": 15.5526875, 
    "yawRate": 8.841474149334175e-05
}