{
    "gpsHeading": 243, 
    "gpsLatitude": 51.97261755628486, 
    "gpsLongitude": 7.636002295821309, 
    "outsideTemperature": 24.0, 
    "speed": 8.5785, 
    "yawRate": -0.008273684373496308
}