{
    "gpsHeading": 9, 
    "gpsLatitude": 50.11966383281934, 
    "gpsLongitude": 8.654009163039431, 
    "outsideTemperature": 32.0, 
    "speed": 4.4638125, 
    "yawRate": -0.1485915236646243
}