{
    "gpsHeading": 70, 
    "gpsLatitude": 50.108100159199125, 
    "gpsLongitude": 8.670905822554754, 
    "outsideTemperature": 30.5, 
    "speed": 7.6475, 
    "yawRate": -0.0037804964784164605
}