{
    "gpsHeading": 178, 
    "gpsLatitude": 50.10841682750107, 
    "gpsLongitude": 8.672195545996292, 
    "outsideTemperature": 30.5, 
    "speed": 0.0, 
    "yawRate": 7.318287129245114e-05
}