{
    "gpsHeading": 314, 
    "gpsLatitude": 51.96602284250484, 
    "gpsLongitude": 7.623505381101568, 
    "outsideTemperature": 32.0, 
    "speed": 7.0573125, 
    "yawRate": 0.06859231377743814
}