{
    "gpsHeading": 13, 
    "gpsLatitude": 51.95664667797522, 
    "gpsLongitude": 7.637560072526401, 
    "outsideTemperature": 23.0, 
    "speed": 7.655812500000001, 
    "yawRate": 0.0015277230665498623
}