{
    "gpsHeading": 144, 
    "gpsLatitude": 50.086579622797295, 
    "gpsLongitude": 8.643719454882769, 
    "outsideTemperature": 30.0, 
    "speed": 7.348250000000001, 
    "yawRate": 0.0066855633218122065
}