{
    "gpsHeading": 334, 
    "gpsLatitude": 50.102005174486386, 
    "gpsLongitude": 8.680907528518324, 
    "outsideTemperature": 31.0, 
    "speed": 4.655, 
    "yawRate": 0.15055392454532296
}