{
    "gpsHeading": 107, 
    "gpsLatitude": 50.119736001005684, 
    "gpsLongitude": 8.656874768096902, 
    "outsideTemperature": 30.0, 
    "speed": 9.534437500000001, 
    "yawRate": 0.006241299408074078
}