{
    "gpsHeading": 43, 
    "gpsLatitude": 51.96350617607655, 
    "gpsLongitude": 7.646616215992801, 
    "outsideTemperature": 26.5, 
    "speed": 6.783, 
    "yawRate": 0.031529189707244755
}