{
    "gpsHeading": 312, 
    "gpsLatitude": 51.95767061126707, 
    "gpsLongitude": 7.630932334047854, 
    "outsideTemperature": 32.0, 
    "speed": 2.4106250000000005, 
    "yawRate": 0.007784221879750884
}