{
    "gpsHeading": 226, 
    "gpsLatitude": 47.54644654782257, 
    "gpsLongitude": 9.686541281726592, 
    "outsideTemperature": 16.0, 
    "speed": 4.5968125, 
    "yawRate": 0.021054911259006517
}