{
    "gpsHeading": 132, 
    "gpsLatitude": 50.102653849973095, 
    "gpsLongitude": 8.68984003891289, 
    "outsideTemperature": 30.5, 
    "speed": 1.0556875000000001, 
    "yawRate": 0.010222880894313132
}