{
    "gpsHeading": 239, 
    "gpsLatitude": 51.94221060995595, 
    "gpsLongitude": 7.625193747858106, 
    "outsideTemperature": 19.5, 
    "speed": 7.896875, 
    "yawRate": -0.04892477349963999
}