{
    "gpsHeading": 68, 
    "gpsLatitude": 51.96110668865464, 
    "gpsLongitude": 7.62727396858808, 
    "outsideTemperature": 28.0, 
    "speed": 2.128, 
    "yawRate": 0.005137873724833491
}