{
    "gpsHeading": 328, 
    "gpsLatitude": 50.102553770049184, 
    "gpsLongitude": 8.680167490287005, 
    "outsideTemperature": 32.0, 
    "speed": 5.444687500000001, 
    "yawRate": 0.0006301417990126003
}