{
    "gpsHeading": 344, 
    "gpsLatitude": 50.10715551871129, 
    "gpsLongitude": 8.665328671820173, 
    "outsideTemperature": 27.0, 
    "speed": 7.5560625, 
    "yawRate": 0.03409868987452147
}