{
    "gpsHeading": 31, 
    "gpsLatitude": 50.10489491942499, 
    "gpsLongitude": 8.695171096970252, 
    "outsideTemperature": 34.0, 
    "speed": 0.0, 
    "yawRate": 0.0001300030779815848
}