{
    "gpsHeading": 102, 
    "gpsLatitude": 50.11166741337137, 
    "gpsLongitude": 8.681675310849155, 
    "outsideTemperature": 32.0, 
    "speed": 7.589312500000001, 
    "yawRate": -5.3237062615592214e-06
}