{
    "gpsHeading": 0, 
    "gpsLatitude": 50.117844121640054, 
    "gpsLongitude": 8.683483874097226, 
    "outsideTemperature": 26.0, 
    "speed": 9.825375000000001, 
    "yawRate": -0.009282395251881716
}