{
    "gpsHeading": 0, 
    "gpsLatitude": 50.11905522282981, 
    "gpsLongitude": 8.6781877685761, 
    "outsideTemperature": 27.5, 
    "speed": 9.492875, 
    "yawRate": -0.0021265453187050845
}