{
    "gpsHeading": 105, 
    "gpsLatitude": 50.11338939155963, 
    "gpsLongitude": 8.683555287912274, 
    "outsideTemperature": 28.5, 
    "speed": 2.7763750000000003, 
    "yawRate": -0.02723905758359193
}