{
    "gpsHeading": 126, 
    "gpsLatitude": 50.111928509655264, 
    "gpsLongitude": 8.676419773739397, 
    "outsideTemperature": 36.0, 
    "speed": 5.760562500000001, 
    "yawRate": -0.0018572453014969476
}