{
    "gpsHeading": 212, 
    "gpsLatitude": 50.104406841203115, 
    "gpsLongitude": 8.66576193239529, 
    "outsideTemperature": 32.0, 
    "speed": 5.0290625, 
    "yawRate": -0.0033345326033813604
}