{
    "gpsHeading": 205, 
    "gpsLatitude": 50.103356840192376, 
    "gpsLongitude": 8.679588049320515, 
    "outsideTemperature": 33.5, 
    "speed": 4.704875, 
    "yawRate": -0.0014640838597859045
}