{
    "gpsHeading": 132, 
    "gpsLatitude": 50.10036349493053, 
    "gpsLongitude": 8.675856090750878, 
    "outsideTemperature": 37.5, 
    "speed": 6.65, 
    "yawRate": 0.0029891130128521137
}