{
    "gpsHeading": 252, 
    "gpsLatitude": 50.10328576165345, 
    "gpsLongitude": 8.687006955639738, 
    "outsideTemperature": 30.5, 
    "speed": 8.4371875, 
    "yawRate": -0.024960104584186387
}