{
    "gpsHeading": 120, 
    "gpsLatitude": 47.67735460869552, 
    "gpsLongitude": 9.314965814284681, 
    "outsideTemperature": 20.5, 
    "speed": 4.0066250000000005, 
    "yawRate": 0.007504915783575609
}