{
    "gpsHeading": 72, 
    "gpsLatitude": 50.112124059456335, 
    "gpsLongitude": 8.6840622254163, 
    "outsideTemperature": 31.5, 
    "speed": 0.16625000000000004, 
    "yawRate": -0.00017985663146098912
}