{
    "gpsHeading": 249, 
    "gpsLatitude": 50.102830791949124, 
    "gpsLongitude": 8.684610820979103, 
    "outsideTemperature": 29.5, 
    "speed": 7.148750000000001, 
    "yawRate": -0.013615464446223437
}