{
    "gpsHeading": 62, 
    "gpsLatitude": 50.113274056571946, 
    "gpsLongitude": 8.682968051775834, 
    "outsideTemperature": 29.0, 
    "speed": 4.3474375, 
    "yawRate": -0.05202273296191099
}