{
    "gpsHeading": 65, 
    "gpsLatitude": 51.950653365747996, 
    "gpsLongitude": 7.623818193728062, 
    "outsideTemperature": 19.5, 
    "speed": 8.728125, 
    "yawRate": 0.006197067123472797
}