{
    "gpsHeading": 177, 
    "gpsLatitude": 50.10795934322578, 
    "gpsLongitude": 8.687751101003617, 
    "outsideTemperature": 31.5, 
    "speed": 10.80625, 
    "yawRate": -0.0019289801157492338
}