{
    "gpsHeading": 240, 
    "gpsLatitude": 50.10233659493792, 
    "gpsLongitude": 8.682548369883863, 
    "outsideTemperature": 29.0, 
    "speed": 4.1146875000000005, 
    "yawRate": -0.000525495056266187
}