{
    "gpsHeading": 261, 
    "gpsLatitude": 50.10909551020114, 
    "gpsLongitude": 8.682276377125833, 
    "outsideTemperature": 29.5, 
    "speed": 3.9068750000000003, 
    "yawRate": -0.06309449597046374
}