{
    "gpsHeading": 142, 
    "gpsLatitude": 51.96338447084244, 
    "gpsLongitude": 7.614062077527542, 
    "outsideTemperature": 42.0, 
    "speed": 6.1761875, 
    "yawRate": -0.03431421611605533
}