{
    "gpsHeading": 355, 
    "gpsLatitude": 50.08632380711241, 
    "gpsLongitude": 8.643381161270627, 
    "outsideTemperature": 31.0, 
    "speed": 2.3607500000000003, 
    "yawRate": -0.005357208516948464
}