{
    "gpsHeading": 108, 
    "gpsLatitude": 50.10618212829557, 
    "gpsLongitude": 8.670969441199853, 
    "outsideTemperature": 29.5, 
    "speed": 10.1329375, 
    "yawRate": -9.77762310287796e-05
}