{
    "gpsHeading": 314, 
    "gpsLatitude": 50.11325075488112, 
    "gpsLongitude": 8.653906400906505, 
    "outsideTemperature": 28.5, 
    "speed": 12.443812500000002, 
    "yawRate": -0.07256815857853194
}