{
    "gpsHeading": 263, 
    "gpsLatitude": 51.95638256420617, 
    "gpsLongitude": 7.631377580744525, 
    "outsideTemperature": 32.0, 
    "speed": 4.4471875, 
    "yawRate": 0.010199362149711485
}