{
    "gpsHeading": 298, 
    "gpsLatitude": 47.55977125929986, 
    "gpsLongitude": 9.670040248041152, 
    "outsideTemperature": 19.0, 
    "speed": 12.585125000000001, 
    "yawRate": 0.0470431364597618
}