{
    "gpsHeading": 242, 
    "gpsLatitude": 50.110515991332214, 
    "gpsLongitude": 8.686723312036298, 
    "outsideTemperature": 31.0, 
    "speed": 3.6159375000000002, 
    "yawRate": 0.019719624747273394
}