{
    "gpsHeading": 311, 
    "gpsLatitude": 50.09995906810233, 
    "gpsLongitude": 8.668227217757119, 
    "outsideTemperature": 27.5, 
    "speed": 3.8819375000000003, 
    "yawRate": 0.03783630519151239
}