{
    "gpsHeading": 168, 
    "gpsLatitude": 50.104957699879776, 
    "gpsLongitude": 8.689644489111817, 
    "outsideTemperature": 28.5, 
    "speed": 10.0331875, 
    "yawRate": -0.013971751954509904
}