{
    "gpsHeading": 176, 
    "gpsLatitude": 50.1148943622747, 
    "gpsLongitude": 8.6876866441682, 
    "outsideTemperature": 32.0, 
    "speed": 6.5419375, 
    "yawRate": -0.0010319077925633256
}