{
    "gpsHeading": 27, 
    "gpsLatitude": 50.1129718889625, 
    "gpsLongitude": 8.678609210667739, 
    "outsideTemperature": 31.0, 
    "speed": 4.7630625, 
    "yawRate": 0.0056476704820785425
}