{
    "gpsHeading": 48, 
    "gpsLatitude": 50.09713411527527, 
    "gpsLongitude": 8.661932492291728, 
    "outsideTemperature": 26.0, 
    "speed": 11.587625000000001, 
    "yawRate": 0.020610032973772535
}