{
    "gpsHeading": 9, 
    "gpsLatitude": 50.0896710363263, 
    "gpsLongitude": 8.652349713848846, 
    "outsideTemperature": 29.5, 
    "speed": 11.188625, 
    "yawRate": 0.023032350463850063
}