{
    "gpsHeading": 247, 
    "gpsLatitude": 50.10388079295985, 
    "gpsLongitude": 8.689206115575764, 
    "outsideTemperature": 31.5, 
    "speed": 1.3383125, 
    "yawRate": 0.005757690250913293
}