{
    "gpsHeading": 239, 
    "gpsLatitude": 50.10240188996365, 
    "gpsLongitude": 8.677064761188714, 
    "outsideTemperature": 30.5, 
    "speed": 1.7373125000000003, 
    "yawRate": 0.004295502671795286
}