{
    "gpsHeading": 262, 
    "gpsLatitude": 50.10950295451449, 
    "gpsLongitude": 8.685961648494786, 
    "outsideTemperature": 31.0, 
    "speed": 6.3008750000000004, 
    "yawRate": 0.0028789497549208073
}