{
    "gpsHeading": 57, 
    "gpsLatitude": 50.1041607485259, 
    "gpsLongitude": 8.681933892562101, 
    "outsideTemperature": 29.5, 
    "speed": 9.609250000000001, 
    "yawRate": -0.0012897203781811295
}