{
    "gpsHeading": 36, 
    "gpsLatitude": 50.087520742885786, 
    "gpsLongitude": 8.650153319940868, 
    "outsideTemperature": 27.5, 
    "speed": 7.531125, 
    "yawRate": 0.010160724111921478
}