{
    "gpsHeading": 332, 
    "gpsLatitude": 51.959873123964364, 
    "gpsLongitude": 7.643942891794143, 
    "outsideTemperature": 27.0, 
    "speed": 6.2260625, 
    "yawRate": 0.002775768352731179
}