{
    "gpsHeading": 233, 
    "gpsLatitude": 51.95457810809066, 
    "gpsLongitude": 7.629374808799889, 
    "outsideTemperature": 22.5, 
    "speed": 9.359875, 
    "yawRate": 0.0016755694977714296
}