{
    "gpsHeading": 16, 
    "gpsLatitude": 50.11817462008225, 
    "gpsLongitude": 8.663711383602557, 
    "outsideTemperature": 31.0, 
    "speed": 5.843687500000001, 
    "yawRate": -0.0048767157208173244
}