{
    "gpsHeading": 258, 
    "gpsLatitude": 47.656711825194215, 
    "gpsLongitude": 9.464601058507363, 
    "outsideTemperature": 26.0, 
    "speed": 11.130437500000001, 
    "yawRate": 0.0025466966335464043
}