{
    "gpsHeading": 277, 
    "gpsLatitude": 51.95912361418247, 
    "gpsLongitude": 7.646038702864017, 
    "outsideTemperature": 28.0, 
    "speed": 7.190312500000001, 
    "yawRate": -0.0028180330082535456
}