{
    "gpsHeading": 220, 
    "gpsLatitude": 51.951535058142966, 
    "gpsLongitude": 7.638039014473822, 
    "outsideTemperature": 24.0, 
    "speed": 6.8079375, 
    "yawRate": 0.021151629815281067
}