{
    "gpsHeading": 74, 
    "gpsLatitude": 51.96749084902691, 
    "gpsLongitude": 7.659707910561826, 
    "outsideTemperature": 24.5, 
    "speed": 15.319937500000002, 
    "yawRate": 0.004111315503855117
}