{
    "gpsHeading": 151, 
    "gpsLatitude": 51.95431617361645, 
    "gpsLongitude": 7.630131191742387, 
    "outsideTemperature": 29.5, 
    "speed": 6.251, 
    "yawRate": 0.024873438420631302
}