{
    "gpsHeading": 354, 
    "gpsLatitude": 51.96066529763344, 
    "gpsLongitude": 7.643542907374632, 
    "outsideTemperature": 24.5, 
    "speed": 2.8428750000000003, 
    "yawRate": -0.025673098454775833
}