{
    "gpsHeading": 129, 
    "gpsLatitude": 51.95794863899539, 
    "gpsLongitude": 7.63037619477219, 
    "outsideTemperature": 28.5, 
    "speed": 3.8819375000000003, 
    "yawRate": -0.009710328735542255
}