{
    "gpsHeading": 33, 
    "gpsLatitude": 50.11467433731636, 
    "gpsLongitude": 8.67065553892595, 
    "outsideTemperature": 28.0, 
    "speed": 5.910187500000001, 
    "yawRate": 0.023382263071061324
}