{
    "gpsHeading": 84, 
    "gpsLatitude": 50.101582391290236, 
    "gpsLongitude": 8.686526924044907, 
    "outsideTemperature": 33.5, 
    "speed": 1.7955, 
    "yawRate": -0.011274839266021635
}