{
    "gpsHeading": 180, 
    "gpsLatitude": 47.548034834655205, 
    "gpsLongitude": 9.685307968493435, 
    "outsideTemperature": 16.0, 
    "speed": 3.059, 
    "yawRate": 0.006917744317852648
}