{
    "gpsHeading": 75, 
    "gpsLatitude": 51.96064006810487, 
    "gpsLongitude": 7.624119271690117, 
    "outsideTemperature": 29.0, 
    "speed": 3.6824375000000003, 
    "yawRate": -0.01440981389750275
}