{
    "gpsHeading": 246, 
    "gpsLatitude": 50.1082527098369, 
    "gpsLongitude": 8.678496390251002, 
    "outsideTemperature": 30.0, 
    "speed": 6.6749375, 
    "yawRate": 0.013404757718689472
}