{
    "gpsHeading": 155, 
    "gpsLatitude": 50.102032667128796, 
    "gpsLongitude": 8.680429760037349, 
    "outsideTemperature": 32.0, 
    "speed": 3.940125, 
    "yawRate": 0.17516306699844258
}