{
    "gpsHeading": 347, 
    "gpsLatitude": 51.968265839794476, 
    "gpsLongitude": 7.659345644706588, 
    "outsideTemperature": 25.0, 
    "speed": 5.569375, 
    "yawRate": -0.021734763412744166
}