{
    "gpsHeading": 169, 
    "gpsLatitude": 47.547554048689086, 
    "gpsLongitude": 9.685345770876737, 
    "outsideTemperature": 16.0, 
    "speed": 4.771375000000001, 
    "yawRate": -0.026068978544839385
}