{
    "gpsHeading": 354, 
    "gpsLatitude": 51.95705755886885, 
    "gpsLongitude": 7.6266029134199025, 
    "outsideTemperature": 23.5, 
    "speed": 3.0756250000000005, 
    "yawRate": -0.044798139783211885
}