{
    "gpsHeading": 215, 
    "gpsLatitude": 47.54996904263187, 
    "gpsLongitude": 9.69174879053116, 
    "outsideTemperature": 15.5, 
    "speed": 12.06975, 
    "yawRate": -0.012283282561309547
}