{
    "gpsHeading": 0, 
    "gpsLatitude": 50.119293771794176, 
    "gpsLongitude": 8.653882261025363, 
    "outsideTemperature": 28.0, 
    "speed": 0.9309999999999999, 
    "yawRate": -0.0031040543491588
}