{
    "gpsHeading": 73, 
    "gpsLatitude": 50.08665271299299, 
    "gpsLongitude": 8.64481253887582, 
    "outsideTemperature": 31.0, 
    "speed": 8.1046875, 
    "yawRate": 0.03358685999273101
}