{
    "gpsHeading": 345, 
    "gpsLatitude": 51.950009719403184, 
    "gpsLongitude": 7.621558432632088, 
    "outsideTemperature": 22.5, 
    "speed": 12.967500000000001, 
    "yawRate": 0.026262539554405134
}