{
    "gpsHeading": 91, 
    "gpsLatitude": 50.1209224594001, 
    "gpsLongitude": 8.673387201170682, 
    "outsideTemperature": 33.0, 
    "speed": 7.065625, 
    "yawRate": -0.015740113484260625
}