{
    "gpsHeading": 207, 
    "gpsLatitude": 51.95540221681083, 
    "gpsLongitude": 7.6306737523349115, 
    "outsideTemperature": 22.5, 
    "speed": 8.8195625, 
    "yawRate": -0.006003879211003451
}