{
    "gpsHeading": 52, 
    "gpsLatitude": 47.54733511337814, 
    "gpsLongitude": 9.686646893706618, 
    "outsideTemperature": 16.0, 
    "speed": 4.206125, 
    "yawRate": 0.043569658609733344
}