{
    "gpsHeading": 182, 
    "gpsLatitude": 50.11251742217234, 
    "gpsLongitude": 8.679478330207955, 
    "outsideTemperature": 32.5, 
    "speed": 2.078125, 
    "yawRate": -0.10099194681477319
}