{
    "gpsHeading": 87, 
    "gpsLatitude": 50.11332099522973, 
    "gpsLongitude": 8.68318723854386, 
    "outsideTemperature": 29.0, 
    "speed": 3.5161875, 
    "yawRate": -0.004200711457267171
}