{
    "gpsHeading": 102, 
    "gpsLatitude": 51.96175586705553, 
    "gpsLongitude": 7.618666759855747, 
    "outsideTemperature": 31.0, 
    "speed": 11.861937500000002, 
    "yawRate": -0.04216054900421168
}