{
    "gpsHeading": 121, 
    "gpsLatitude": 50.11802517074863, 
    "gpsLongitude": 8.663242248481852, 
    "outsideTemperature": 31.0, 
    "speed": 6.467125, 
    "yawRate": 0.0024536671375587366
}