{
    "gpsHeading": 323, 
    "gpsLatitude": 50.10666744048941, 
    "gpsLongitude": 8.668377002366856, 
    "outsideTemperature": 31.0, 
    "speed": 3.4413750000000003, 
    "yawRate": 0.03376315957668449
}