{
    "gpsHeading": 135, 
    "gpsLatitude": 50.10931461315014, 
    "gpsLongitude": 8.66109304468875, 
    "outsideTemperature": 36.0, 
    "speed": 0.0, 
    "yawRate": 0.0003034647796934381
}