{
    "gpsHeading": 90, 
    "gpsLatitude": 51.9606264056027, 
    "gpsLongitude": 7.625561461950407, 
    "outsideTemperature": 28.0, 
    "speed": 1.679125, 
    "yawRate": -0.006730365188727869
}