{
    "gpsHeading": 20, 
    "gpsLatitude": 47.54513545052793, 
    "gpsLongitude": 9.68608857513613, 
    "outsideTemperature": 16.5, 
    "speed": 7.3565625, 
    "yawRate": -0.020082024650540625
}