{
    "gpsHeading": 82, 
    "gpsLatitude": 51.958142009501636, 
    "gpsLongitude": 7.629994315263528, 
    "outsideTemperature": 28.5, 
    "speed": 1.29675, 
    "yawRate": -0.0004600836999729403
}