{
    "gpsHeading": 85, 
    "gpsLatitude": 50.11263049404618, 
    "gpsLongitude": 8.68032054383898, 
    "outsideTemperature": 29.0, 
    "speed": 2.7348125, 
    "yawRate": -0.00042834959461659464
}