{
    "gpsHeading": 156, 
    "gpsLatitude": 50.118036318679856, 
    "gpsLongitude": 8.678804425192684, 
    "outsideTemperature": 27.0, 
    "speed": 9.87525, 
    "yawRate": -0.00038121606671078444
}