{
    "gpsHeading": 28, 
    "gpsLatitude": 51.962442009649436, 
    "gpsLongitude": 7.628275689836541, 
    "outsideTemperature": 28.0, 
    "speed": 2.95925, 
    "yawRate": 0.01718064556359412
}