{
    "gpsHeading": 350, 
    "gpsLatitude": 51.96499890921298, 
    "gpsLongitude": 7.646599284548362, 
    "outsideTemperature": 24.5, 
    "speed": 13.699000000000002, 
    "yawRate": 0.003603921675335561
}