{
    "gpsHeading": 82, 
    "gpsLatitude": 51.96573810925399, 
    "gpsLongitude": 7.623627086335684, 
    "outsideTemperature": 26.5, 
    "speed": 0.83125, 
    "yawRate": -0.00690489811392714
}