{
    "gpsHeading": 114, 
    "gpsLatitude": 51.957645884652706, 
    "gpsLongitude": 7.629187305625842, 
    "outsideTemperature": 23.0, 
    "speed": 4.1396250000000006, 
    "yawRate": 0.005292809749024607
}