{
    "gpsHeading": 160, 
    "gpsLatitude": 50.112648263680896, 
    "gpsLongitude": 8.684195832952907, 
    "outsideTemperature": 30.5, 
    "speed": 4.0066250000000005, 
    "yawRate": -0.017760284909689936
}