{
    "gpsHeading": 282, 
    "gpsLatitude": 51.972859793286624, 
    "gpsLongitude": 7.6344237319963835, 
    "outsideTemperature": 23.0, 
    "speed": 11.8951875, 
    "yawRate": -0.01054261240108882
}