{
    "gpsHeading": 58, 
    "gpsLatitude": 47.54538984128931, 
    "gpsLongitude": 9.684346899475388, 
    "outsideTemperature": 17.0, 
    "speed": 5.41975, 
    "yawRate": -0.06598418397799063
}