{
    "gpsHeading": 58, 
    "gpsLatitude": 50.11282294254307, 
    "gpsLongitude": 8.68126945909742, 
    "outsideTemperature": 31.5, 
    "speed": 2.5353125000000003, 
    "yawRate": -0.011356561390443802
}