{
    "gpsHeading": 127, 
    "gpsLatitude": 51.957973114152665, 
    "gpsLongitude": 7.630328417924079, 
    "outsideTemperature": 24.0, 
    "speed": 3.541125, 
    "yawRate": 0.00045383902137553864
}