{
    "gpsHeading": 153, 
    "gpsLatitude": 51.958642241483126, 
    "gpsLongitude": 7.629503471013605, 
    "outsideTemperature": 24.5, 
    "speed": 6.7165, 
    "yawRate": -0.014206926695377138
}