{
    "gpsHeading": 242, 
    "gpsLatitude": 51.95237417046982, 
    "gpsLongitude": 7.640320987613199, 
    "outsideTemperature": 25.5, 
    "speed": 7.830375000000001, 
    "yawRate": 0.0009058104921477405
}