{
    "gpsHeading": 20, 
    "gpsLatitude": 51.95259277050463, 
    "gpsLongitude": 7.636503198355039, 
    "outsideTemperature": 27.0, 
    "speed": 8.9359375, 
    "yawRate": 0.031198320350453758
}