{
    "gpsHeading": 38, 
    "gpsLatitude": 47.547737612368614, 
    "gpsLongitude": 9.688808502716421, 
    "outsideTemperature": 16.0, 
    "speed": 3.9816875, 
    "yawRate": -0.008039252811779994
}