{
    "gpsHeading": 259, 
    "gpsLatitude": 50.1094348934607, 
    "gpsLongitude": 8.685227477595687, 
    "outsideTemperature": 30.0, 
    "speed": 8.9691875, 
    "yawRate": 0.004275213156516248
}