{
    "gpsHeading": 243, 
    "gpsLatitude": 50.10350100892699, 
    "gpsLongitude": 8.668456965723147, 
    "outsideTemperature": 35.5, 
    "speed": 0.5403125000000001, 
    "yawRate": -0.03276903475556797
}