{
    "gpsHeading": 231, 
    "gpsLatitude": 51.95561562006565, 
    "gpsLongitude": 7.623714593404829, 
    "outsideTemperature": 29.5, 
    "speed": 1.2635, 
    "yawRate": 0.0004058878434410429
}