{
    "gpsHeading": 184, 
    "gpsLatitude": 51.96164782432362, 
    "gpsLongitude": 7.609909263599482, 
    "outsideTemperature": 33.0, 
    "speed": 2.0033125000000003, 
    "yawRate": -0.03829365921137949
}