{
    "gpsHeading": 78, 
    "gpsLatitude": 50.12020572285961, 
    "gpsLongitude": 8.665104455910242, 
    "outsideTemperature": 29.5, 
    "speed": 5.187, 
    "yawRate": -0.0017351230672275836
}