{
    "gpsHeading": 163, 
    "gpsLatitude": 47.547340393977144, 
    "gpsLongitude": 9.685380220498807, 
    "outsideTemperature": 16.0, 
    "speed": 3.3831875, 
    "yawRate": 0.10029285929954809
}