{
    "gpsHeading": 305, 
    "gpsLatitude": 50.10881773392992, 
    "gpsLongitude": 8.662166682666436, 
    "outsideTemperature": 30.5, 
    "speed": 6.450500000000001, 
    "yawRate": 0.010085257734380841
}