{
    "gpsHeading": 293, 
    "gpsLatitude": 51.96328003232888, 
    "gpsLongitude": 7.628155409525964, 
    "outsideTemperature": 27.5, 
    "speed": 2.9343125, 
    "yawRate": 0.0006000176696484695
}