{
    "gpsHeading": 48, 
    "gpsLatitude": 51.943698649226604, 
    "gpsLongitude": 7.611836514596507, 
    "outsideTemperature": 21.5, 
    "speed": 0.0, 
    "yawRate": 0.00038856153747555966
}