{
    "gpsHeading": 8, 
    "gpsLatitude": 51.9552936711647, 
    "gpsLongitude": 7.6372001536040495, 
    "outsideTemperature": 23.5, 
    "speed": 6.949250000000001, 
    "yawRate": 0.02578779966927139
}