{
    "gpsHeading": 213, 
    "gpsLatitude": 51.958937787389075, 
    "gpsLongitude": 7.647400091577702, 
    "outsideTemperature": 31.0, 
    "speed": 0.2244375, 
    "yawRate": 0.005210481550920869
}