{
    "gpsHeading": 149, 
    "gpsLatitude": 50.113772109258605, 
    "gpsLongitude": 8.67110003125132, 
    "outsideTemperature": 30.0, 
    "speed": 7.921812500000001, 
    "yawRate": 0.002910608354571805
}