{
    "gpsHeading": 255, 
    "gpsLatitude": 50.10919961343858, 
    "gpsLongitude": 8.682898314341418, 
    "outsideTemperature": 28.5, 
    "speed": 6.4588125, 
    "yawRate": -0.007767558682244423
}