{
    "gpsHeading": 102, 
    "gpsLatitude": 50.10535684610897, 
    "gpsLongitude": 8.693574763510574, 
    "outsideTemperature": 31.5, 
    "speed": 7.6890625, 
    "yawRate": -0.008842648183061342
}