{
    "gpsHeading": 44, 
    "gpsLatitude": 50.11256628866785, 
    "gpsLongitude": 8.677913931799372, 
    "outsideTemperature": 32.0, 
    "speed": 6.1761875, 
    "yawRate": -0.006744167207080988
}