{
    "gpsHeading": 203, 
    "gpsLatitude": 47.545301579848854, 
    "gpsLongitude": 9.684368524785572, 
    "outsideTemperature": 16.5, 
    "speed": 3.0756250000000005, 
    "yawRate": -0.019611260312460396
}