{
    "gpsHeading": 124, 
    "gpsLatitude": 51.95191894930839, 
    "gpsLongitude": 7.620485129930542, 
    "outsideTemperature": 19.5, 
    "speed": 9.467937500000001, 
    "yawRate": -0.06501236635789437
}