{
    "gpsHeading": 99, 
    "gpsLatitude": 47.65756183399518, 
    "gpsLongitude": 9.454383853813178, 
    "outsideTemperature": 23.5, 
    "speed": 10.357375, 
    "yawRate": -0.009755126385634886
}