{
    "gpsHeading": 42, 
    "gpsLatitude": 50.08816405395447, 
    "gpsLongitude": 8.651326115833113, 
    "outsideTemperature": 32.0, 
    "speed": 6.4754375, 
    "yawRate": 0.0006348078743490435
}