{
    "gpsHeading": 328, 
    "gpsLatitude": 50.10287714387368, 
    "gpsLongitude": 8.679918044848515, 
    "outsideTemperature": 31.0, 
    "speed": 5.710687500000001, 
    "yawRate": 0.0056915966297960705
}