{
    "gpsHeading": 225, 
    "gpsLatitude": 50.10639938722588, 
    "gpsLongitude": 8.673251162882151, 
    "outsideTemperature": 30.0, 
    "speed": 10.9725, 
    "yawRate": -0.0012321576464676956
}