{
    "gpsHeading": 89, 
    "gpsLatitude": 51.956458671887, 
    "gpsLongitude": 7.642879312100277, 
    "outsideTemperature": 28.0, 
    "speed": 9.301687500000002, 
    "yawRate": 0.030794921781528994
}