{
    "gpsHeading": 124, 
    "gpsLatitude": 50.10991551178875, 
    "gpsLongitude": 8.687853611679445, 
    "outsideTemperature": 32.0, 
    "speed": 0.0, 
    "yawRate": -0.0004946771662154759
}