{
    "gpsHeading": 240, 
    "gpsLatitude": 50.108713798330555, 
    "gpsLongitude": 8.68032783609474, 
    "outsideTemperature": 32.0, 
    "speed": 8.811250000000001, 
    "yawRate": 0.010961296765897452
}