{
    "gpsHeading": 25, 
    "gpsLatitude": 51.95667894830245, 
    "gpsLongitude": 7.634004553018576, 
    "outsideTemperature": 25.5, 
    "speed": 3.940125, 
    "yawRate": 0.06517723358753154
}