{
    "gpsHeading": 356, 
    "gpsLatitude": 50.08538520159487, 
    "gpsLongitude": 8.643469171253964, 
    "outsideTemperature": 34.0, 
    "speed": 7.797125, 
    "yawRate": -0.005880807292546754
}