{
    "gpsHeading": 30, 
    "gpsLatitude": 50.10762406709877, 
    "gpsLongitude": 8.671687518844855, 
    "outsideTemperature": 28.5, 
    "speed": 5.9185, 
    "yawRate": 0.0023456847217632405
}