{
    "gpsHeading": 0, 
    "gpsLatitude": 50.10844658325734, 
    "gpsLongitude": 8.675194758590369, 
    "outsideTemperature": 30.5, 
    "speed": 9.368187500000001, 
    "yawRate": -0.004462295524391292
}