{
    "gpsHeading": 162, 
    "gpsLatitude": 50.1114782338167, 
    "gpsLongitude": 8.679362240848981, 
    "outsideTemperature": 35.5, 
    "speed": 0.016625, 
    "yawRate": -0.0008397650943236259
}