{
    "gpsHeading": 171, 
    "gpsLatitude": 51.953045309457046, 
    "gpsLongitude": 7.641555139036674, 
    "outsideTemperature": 25.0, 
    "speed": 6.5086875, 
    "yawRate": -0.009391632094619184
}