{
    "gpsHeading": 290, 
    "gpsLatitude": 50.10830744366463, 
    "gpsLongitude": 8.663565287030217, 
    "outsideTemperature": 31.0, 
    "speed": 9.8336875, 
    "yawRate": -0.05449192458940827
}