{
    "gpsHeading": 347, 
    "gpsLatitude": 50.12126745853478, 
    "gpsLongitude": 8.67054389197566, 
    "outsideTemperature": 28.0, 
    "speed": 5.120500000000001, 
    "yawRate": -0.07057650606115129
}