{
    "gpsHeading": 334, 
    "gpsLatitude": 50.1079332755069, 
    "gpsLongitude": 8.67548309605959, 
    "outsideTemperature": 32.0, 
    "speed": 0.2244375, 
    "yawRate": 0.00042462638119274707
}