{
    "gpsHeading": 138, 
    "gpsLatitude": 50.11194351326195, 
    "gpsLongitude": 8.68610472758198, 
    "outsideTemperature": 31.0, 
    "speed": 6.259312500000001, 
    "yawRate": -0.009601906686230847
}