{
    "gpsHeading": 15, 
    "gpsLatitude": 50.11311404604034, 
    "gpsLongitude": 8.678828900349956, 
    "outsideTemperature": 31.5, 
    "speed": 1.3715625, 
    "yawRate": -0.07812813361364787
}