{
    "gpsHeading": 181, 
    "gpsLatitude": 50.11042295220697, 
    "gpsLongitude": 8.687998618604373, 
    "outsideTemperature": 30.0, 
    "speed": 7.921812500000001, 
    "yawRate": -0.013853748047472147
}