{
    "gpsHeading": 107, 
    "gpsLatitude": 50.11782467562468, 
    "gpsLongitude": 8.687820000247715, 
    "outsideTemperature": 40.5, 
    "speed": 0.0, 
    "yawRate": -0.0009219887507898612
}