{
    "gpsHeading": 108, 
    "gpsLatitude": 50.10588574419931, 
    "gpsLongitude": 8.687918319971958, 
    "outsideTemperature": 29.5, 
    "speed": 11.080562500000001, 
    "yawRate": -0.03247224202564949
}