{
    "gpsHeading": 49, 
    "gpsLatitude": 50.10317629399799, 
    "gpsLongitude": 8.665214761756026, 
    "outsideTemperature": 36.5, 
    "speed": 10.964187500000001, 
    "yawRate": 0.012468594383330181
}