{
    "gpsHeading": 325, 
    "gpsLatitude": 50.10772188390883, 
    "gpsLongitude": 8.664902535862756, 
    "outsideTemperature": 31.5, 
    "speed": 8.395625, 
    "yawRate": 0.04900610005385373
}