{
    "gpsHeading": 151, 
    "gpsLatitude": 50.11262655455168, 
    "gpsLongitude": 8.679415298296078, 
    "outsideTemperature": 33.0, 
    "speed": 3.7323125, 
    "yawRate": -0.014074550065457048
}