{
    "gpsHeading": 226, 
    "gpsLatitude": 51.95954698411183, 
    "gpsLongitude": 7.629898426291214, 
    "outsideTemperature": 25.0, 
    "speed": 7.522812500000001, 
    "yawRate": 0.005864359702557909
}