{
    "gpsHeading": 56, 
    "gpsLatitude": 50.102094106479065, 
    "gpsLongitude": 8.687979172589008, 
    "outsideTemperature": 31.5, 
    "speed": 9.301687500000002, 
    "yawRate": -0.03131595530315121
}