{
    "gpsHeading": 121, 
    "gpsLatitude": 51.95546089013305, 
    "gpsLongitude": 7.626297895963357, 
    "outsideTemperature": 25.5, 
    "speed": 6.384, 
    "yawRate": 0.18383999222804182
}