{
    "gpsHeading": 198, 
    "gpsLatitude": 50.114024907458365, 
    "gpsLongitude": 8.66959891621171, 
    "outsideTemperature": 32.0, 
    "speed": 6.9243125, 
    "yawRate": 0.29961658119360285
}