{
    "gpsHeading": 173, 
    "gpsLatitude": 50.116082413230735, 
    "gpsLongitude": 8.687563346372496, 
    "outsideTemperature": 35.5, 
    "speed": 10.8311875, 
    "yawRate": -0.019008799088104617
}