{
    "gpsHeading": 38, 
    "gpsLatitude": 47.54704820083247, 
    "gpsLongitude": 9.687247121792964, 
    "outsideTemperature": 16.0, 
    "speed": 3.773875, 
    "yawRate": 0.028734359967781398
}