{
    "gpsHeading": 195, 
    "gpsLatitude": 51.954376942414456, 
    "gpsLongitude": 7.624053976664377, 
    "outsideTemperature": 25.0, 
    "speed": 8.395625, 
    "yawRate": -0.021759793656886253
}