{
    "gpsHeading": 173, 
    "gpsLatitude": 50.115340782437805, 
    "gpsLongitude": 8.687645572842642, 
    "outsideTemperature": 33.0, 
    "speed": 8.761375, 
    "yawRate": 0.015374187176183093
}