{
    "gpsHeading": 235, 
    "gpsLatitude": 50.10357267419914, 
    "gpsLongitude": 8.668604990133217, 
    "outsideTemperature": 28.0, 
    "speed": 0.0914375, 
    "yawRate": -0.0007085588708694054
}