{
    "gpsHeading": 206, 
    "gpsLatitude": 51.94629645247763, 
    "gpsLongitude": 7.630934261885582, 
    "outsideTemperature": 20.0, 
    "speed": 9.758875, 
    "yawRate": -0.03059881635370063
}