{
    "gpsHeading": 250, 
    "gpsLatitude": 50.103430517121296, 
    "gpsLongitude": 8.687841709376936, 
    "outsideTemperature": 31.0, 
    "speed": 7.539437500000001, 
    "yawRate": -0.023738374107790377
}