{
    "gpsHeading": 71, 
    "gpsLatitude": 50.12096378218275, 
    "gpsLongitude": 8.672562254260198, 
    "outsideTemperature": 28.0, 
    "speed": 6.9658750000000005, 
    "yawRate": 0.0025527895974098895
}