{
    "gpsHeading": 236, 
    "gpsLatitude": 50.10725023421717, 
    "gpsLongitude": 8.675055870454761, 
    "outsideTemperature": 31.5, 
    "speed": 8.985812500000002, 
    "yawRate": 0.004178363034714635
}