{
    "gpsHeading": 32, 
    "gpsLatitude": 47.5463637346192, 
    "gpsLongitude": 9.688282454473145, 
    "outsideTemperature": 16.0, 
    "speed": 5.910187500000001, 
    "yawRate": 0.1671918040884471
}