{
    "gpsHeading": 18, 
    "gpsLatitude": 50.11208432923529, 
    "gpsLongitude": 8.677174145025147, 
    "outsideTemperature": 33.5, 
    "speed": 2.7015625, 
    "yawRate": 0.0037278083048848127
}