{
    "gpsHeading": 49, 
    "gpsLatitude": 50.11227216768544, 
    "gpsLongitude": 8.667227508165439, 
    "outsideTemperature": 28.5, 
    "speed": 11.105500000000001, 
    "yawRate": 0.007523296908567134
}