{
    "gpsHeading": 354, 
    "gpsLatitude": 50.10499575372019, 
    "gpsLongitude": 8.66496255028949, 
    "outsideTemperature": 27.0, 
    "speed": 9.0190625, 
    "yawRate": -0.09331034552106243
}