{
    "gpsHeading": 248, 
    "gpsLatitude": 50.10766907791883, 
    "gpsLongitude": 8.676321370196122, 
    "outsideTemperature": 35.0, 
    "speed": 4.9293125, 
    "yawRate": 0.01211833236955456
}