{
    "gpsHeading": 308, 
    "gpsLatitude": 51.95897642796272, 
    "gpsLongitude": 7.647401767958337, 
    "outsideTemperature": 31.0, 
    "speed": 4.638375, 
    "yawRate": 0.028597893527644056
}