{
    "gpsHeading": 196, 
    "gpsLatitude": 50.109704623104875, 
    "gpsLongitude": 8.687780856759886, 
    "outsideTemperature": 35.0, 
    "speed": 5.8769375, 
    "yawRate": 0.06020474125524785
}