{
    "gpsHeading": 277, 
    "gpsLatitude": 51.96990860899775, 
    "gpsLongitude": 7.655714268975058, 
    "outsideTemperature": 21.5, 
    "speed": 8.229375000000001, 
    "yawRate": 0.034988437277070586
}