{
    "gpsHeading": 0, 
    "gpsLatitude": 50.1041021590227, 
    "gpsLongitude": 8.695289449443084, 
    "outsideTemperature": 31.0, 
    "speed": 8.013250000000001, 
    "yawRate": -0.004360202869935992
}