{
    "gpsHeading": 0, 
    "gpsLatitude": 50.104282118483866, 
    "gpsLongitude": 8.667495561428975, 
    "outsideTemperature": 26.5, 
    "speed": 4.663312500000001, 
    "yawRate": 0.36187152339905104
}