{
    "gpsHeading": 264, 
    "gpsLatitude": 47.545070742235424, 
    "gpsLongitude": 9.68468745620138, 
    "outsideTemperature": 16.5, 
    "speed": 5.411437500000001, 
    "yawRate": -0.09134429256942636
}