{
    "gpsHeading": 161, 
    "gpsLatitude": 50.11009019065093, 
    "gpsLongitude": 8.685014744893106, 
    "outsideTemperature": 30.5, 
    "speed": 4.671625000000001, 
    "yawRate": 0.08482040584666078
}