{
    "gpsHeading": 307, 
    "gpsLatitude": 51.9616947629814, 
    "gpsLongitude": 7.64227623416682, 
    "outsideTemperature": 25.0, 
    "speed": 1.6209375000000001, 
    "yawRate": -0.1900831139926382
}