{
    "gpsHeading": 88, 
    "gpsLatitude": 50.11276183846892, 
    "gpsLongitude": 8.68096720766893, 
    "outsideTemperature": 31.5, 
    "speed": 1.2136250000000002, 
    "yawRate": -0.012752824792039241
}