{
    "gpsHeading": 68, 
    "gpsLatitude": 50.099294634637644, 
    "gpsLongitude": 8.668745554649462, 
    "outsideTemperature": 28.0, 
    "speed": 5.2950625, 
    "yawRate": 0.0914179132277374
}