{
    "gpsHeading": 72, 
    "gpsLatitude": 50.09535798999247, 
    "gpsLongitude": 8.657499471340532, 
    "outsideTemperature": 26.0, 
    "speed": 12.119625000000001, 
    "yawRate": 0.027242284131350873
}