{
    "gpsHeading": 238, 
    "gpsLatitude": 50.10875964734092, 
    "gpsLongitude": 8.680522212429368, 
    "outsideTemperature": 29.0, 
    "speed": 8.3374375, 
    "yawRate": 0.004973344857313969
}