{
    "gpsHeading": 70, 
    "gpsLatitude": 51.9476522253162, 
    "gpsLongitude": 7.628244592975742, 
    "outsideTemperature": 19.5, 
    "speed": 6.334125, 
    "yawRate": 0.002049453722861432
}