{
    "gpsHeading": 79, 
    "gpsLatitude": 50.120422143599576, 
    "gpsLongitude": 8.666802545674464, 
    "outsideTemperature": 28.5, 
    "speed": 5.61925, 
    "yawRate": 0.0014064695863621566
}