{
    "gpsHeading": 0, 
    "gpsLatitude": 50.120407139992906, 
    "gpsLongitude": 8.670623352417758, 
    "outsideTemperature": 28.5, 
    "speed": 8.129625, 
    "yawRate": -0.012905230279991103
}