{
    "gpsHeading": 158, 
    "gpsLatitude": 50.1113071591729, 
    "gpsLongitude": 8.679398366851665, 
    "outsideTemperature": 37.0, 
    "speed": 3.55775, 
    "yawRate": 0.08813380351945059
}