{
    "gpsHeading": 188, 
    "gpsLatitude": 50.111708819973046, 
    "gpsLongitude": 8.684431699708252, 
    "outsideTemperature": 32.5, 
    "speed": 0.9393125, 
    "yawRate": -0.002271523827854786
}