{
    "gpsHeading": 262, 
    "gpsLatitude": 51.97161784669317, 
    "gpsLongitude": 7.642195097344086, 
    "outsideTemperature": 20.5, 
    "speed": 8.1878125, 
    "yawRate": -0.002012542865208654
}