{
    "gpsHeading": 215, 
    "gpsLatitude": 50.10637407387829, 
    "gpsLongitude": 8.669408060276414, 
    "outsideTemperature": 29.0, 
    "speed": 3.6575, 
    "yawRate": 0.02346416867089427
}