{
    "gpsHeading": 256, 
    "gpsLatitude": 50.10915049548597, 
    "gpsLongitude": 8.682566390975689, 
    "outsideTemperature": 30.0, 
    "speed": 5.7855, 
    "yawRate": -0.003174832951534294
}