{
    "gpsHeading": 198, 
    "gpsLatitude": 50.10973521705146, 
    "gpsLongitude": 8.687789741577253, 
    "outsideTemperature": 34.0, 
    "speed": 1.346625, 
    "yawRate": -0.08892536889997937
}