{
    "gpsHeading": 72, 
    "gpsLatitude": 51.95022949290444, 
    "gpsLongitude": 7.6216414972925515, 
    "outsideTemperature": 20.0, 
    "speed": 6.4588125, 
    "yawRate": 0.004800803721877635
}