{
    "gpsHeading": 49, 
    "gpsLatitude": 50.10435688506019, 
    "gpsLongitude": 8.667645597495808, 
    "outsideTemperature": 31.5, 
    "speed": 10.191125000000001, 
    "yawRate": 0.0047891456745552605
}