{
    "gpsHeading": 308, 
    "gpsLatitude": 51.96442391065518, 
    "gpsLongitude": 7.623521474355691, 
    "outsideTemperature": 27.5, 
    "speed": 4.8628125, 
    "yawRate": -0.0589157098233566
}