{
    "gpsHeading": 0, 
    "gpsLatitude": 50.10927329036748, 
    "gpsLongitude": 8.675748634752173, 
    "outsideTemperature": 29.0, 
    "speed": 7.539437500000001, 
    "yawRate": 0.005660614137175647
}