{
    "gpsHeading": 55, 
    "gpsLatitude": 47.66822679995699, 
    "gpsLongitude": 9.383724158590832, 
    "outsideTemperature": 21.0, 
    "speed": 16.1013125, 
    "yawRate": 0.02042035224833359
}