{
    "gpsHeading": 345, 
    "gpsLatitude": 50.104398543118975, 
    "gpsLongitude": 8.664961963556268, 
    "outsideTemperature": 27.0, 
    "speed": 9.5178125, 
    "yawRate": -0.012676134078925769
}