{
    "gpsHeading": 117, 
    "gpsLatitude": 51.95598920149017, 
    "gpsLongitude": 7.644109272572167, 
    "outsideTemperature": 25.5, 
    "speed": 7.730625000000001, 
    "yawRate": 0.04632835212427802
}