{
    "gpsHeading": 9, 
    "gpsLatitude": 50.1159891226484, 
    "gpsLongitude": 8.65258281457614, 
    "outsideTemperature": 28.0, 
    "speed": 12.726437500000001, 
    "yawRate": -0.03347278333385962
}