{
    "gpsHeading": 97, 
    "gpsLatitude": 50.11060601297232, 
    "gpsLongitude": 8.663655560127411, 
    "outsideTemperature": 37.0, 
    "speed": 8.113000000000001, 
    "yawRate": -0.007137468808184989
}