{
    "gpsHeading": 209, 
    "gpsLatitude": 51.974828367066294, 
    "gpsLongitude": 7.639313482851551, 
    "outsideTemperature": 22.0, 
    "speed": 12.585125000000001, 
    "yawRate": -0.026572636268473702
}