{
    "gpsHeading": 75, 
    "gpsLatitude": 47.54684762188949, 
    "gpsLongitude": 9.687269082379274, 
    "outsideTemperature": 16.0, 
    "speed": 3.7073750000000003, 
    "yawRate": 0.005346947991058214
}