{
    "gpsHeading": 87, 
    "gpsLatitude": 47.552683186698964, 
    "gpsLongitude": 9.700513579043182, 
    "outsideTemperature": 15.5, 
    "speed": 16.0846875, 
    "yawRate": 0.03332505046048499
}