{
    "gpsHeading": 80, 
    "gpsLatitude": 51.968190318846865, 
    "gpsLongitude": 7.651312596341735, 
    "outsideTemperature": 24.0, 
    "speed": 0.016625, 
    "yawRate": 9.409833272000512e-05
}