{
    "gpsHeading": 58, 
    "gpsLatitude": 50.087642448119894, 
    "gpsLongitude": 8.650368902490527, 
    "outsideTemperature": 27.0, 
    "speed": 1.69575, 
    "yawRate": 0.008240861934727749
}