{
    "gpsHeading": 229, 
    "gpsLatitude": 50.10216241898994, 
    "gpsLongitude": 8.680533108903496, 
    "outsideTemperature": 32.0, 
    "speed": 3.6325625, 
    "yawRate": 0.174115869447246
}