{
    "gpsHeading": 204, 
    "gpsLatitude": 51.958168663953735, 
    "gpsLongitude": 7.632305960340167, 
    "outsideTemperature": 29.0, 
    "speed": 5.5527500000000005, 
    "yawRate": -0.005297082679631172
}