{
    "gpsHeading": 118, 
    "gpsLatitude": 50.11137044254187, 
    "gpsLongitude": 8.68032448333347, 
    "outsideTemperature": 34.5, 
    "speed": 6.6998750000000005, 
    "yawRate": -0.034039244120150414
}