{
    "gpsHeading": 223, 
    "gpsLatitude": 47.54669347869011, 
    "gpsLongitude": 9.687183251690765, 
    "outsideTemperature": 16.0, 
    "speed": 3.99, 
    "yawRate": -0.14614763108204715
}