{
    "gpsHeading": 274, 
    "gpsLatitude": 50.10198212425264, 
    "gpsLongitude": 8.681025545715027, 
    "outsideTemperature": 31.0, 
    "speed": 2.3607500000000003, 
    "yawRate": 0.019545791341668263
}