{
    "gpsHeading": 57, 
    "gpsLatitude": 50.10447716537075, 
    "gpsLongitude": 8.682969728156468, 
    "outsideTemperature": 29.0, 
    "speed": 4.9126875000000005, 
    "yawRate": 0.14374714046254522
}