{
    "gpsHeading": 280, 
    "gpsLatitude": 51.961442802971945, 
    "gpsLongitude": 7.643141498031582, 
    "outsideTemperature": 25.0, 
    "speed": 6.7165, 
    "yawRate": -0.016597386344404795
}