{
    "gpsHeading": 190, 
    "gpsLatitude": 51.954740549374186, 
    "gpsLongitude": 7.6243595808541444, 
    "outsideTemperature": 25.5, 
    "speed": 6.982500000000001, 
    "yawRate": -0.08965310155946528
}