{
    "gpsHeading": 17, 
    "gpsLatitude": 47.54714962186089, 
    "gpsLongitude": 9.688642708671589, 
    "outsideTemperature": 16.0, 
    "speed": 6.134625000000001, 
    "yawRate": 0.003130854400983287
}