{
    "gpsHeading": 345, 
    "gpsLatitude": 51.95812139001984, 
    "gpsLongitude": 7.619850116946002, 
    "outsideTemperature": 30.0, 
    "speed": 12.510312500000001, 
    "yawRate": 0.05807708517488048
}