{
    "gpsHeading": 354, 
    "gpsLatitude": 50.11953273985369, 
    "gpsLongitude": 8.664353102109635, 
    "outsideTemperature": 29.5, 
    "speed": 6.774687500000001, 
    "yawRate": 0.024968414488285205
}