{
    "gpsHeading": 233, 
    "gpsLatitude": 47.545137629822754, 
    "gpsLongitude": 9.6843860429632, 
    "outsideTemperature": 16.5, 
    "speed": 2.2526875, 
    "yawRate": -0.1529544151648247
}