{
    "gpsHeading": 65, 
    "gpsLatitude": 47.54621487201881, 
    "gpsLongitude": 9.687961343762511, 
    "outsideTemperature": 16.0, 
    "speed": 6.234375, 
    "yawRate": 0.050254744204829185
}