{
    "gpsHeading": 34, 
    "gpsLatitude": 51.95748696376852, 
    "gpsLongitude": 7.619768477209077, 
    "outsideTemperature": 30.0, 
    "speed": 1.8038125, 
    "yawRate": 0.05271595403087815
}