{
    "gpsHeading": 53, 
    "gpsLatitude": 50.11197134118049, 
    "gpsLongitude": 8.685238374069815, 
    "outsideTemperature": 32.0, 
    "speed": 4.738125, 
    "yawRate": -0.010823637162626857
}