{
    "gpsHeading": 41, 
    "gpsLatitude": 47.65700234195825, 
    "gpsLongitude": 9.472382482138904, 
    "outsideTemperature": 22.5, 
    "speed": 11.3631875, 
    "yawRate": 0.00571717839674876
}