{
    "gpsHeading": 117, 
    "gpsLatitude": 47.67523482538258, 
    "gpsLongitude": 9.323066085513002, 
    "outsideTemperature": 21.0, 
    "speed": 9.8336875, 
    "yawRate": -0.002121590789122495
}