{
    "gpsHeading": 7, 
    "gpsLatitude": 51.95806506363049, 
    "gpsLongitude": 7.629682340827353, 
    "outsideTemperature": 24.0, 
    "speed": 0.016625, 
    "yawRate": -0.0008158426329548483
}