{
    "gpsHeading": 328, 
    "gpsLatitude": 51.96379610610737, 
    "gpsLongitude": 7.627420651893649, 
    "outsideTemperature": 28.0, 
    "speed": 4.6217500000000005, 
    "yawRate": -0.0023670420587421186
}