{
    "gpsHeading": 255, 
    "gpsLatitude": 47.54809904003351, 
    "gpsLongitude": 9.685970222663283, 
    "outsideTemperature": 16.0, 
    "speed": 8.811250000000001, 
    "yawRate": -0.025021780993642766
}