{
    "gpsHeading": 169, 
    "gpsLatitude": 50.10938988264065, 
    "gpsLongitude": 8.6877077665642, 
    "outsideTemperature": 34.0, 
    "speed": 8.9026875, 
    "yawRate": -0.005594171544937264
}