{
    "gpsHeading": 122, 
    "gpsLatitude": 50.11293634969303, 
    "gpsLongitude": 8.679156968040225, 
    "outsideTemperature": 34.0, 
    "speed": 4.389, 
    "yawRate": 0.010010993612064294
}