{
    "gpsHeading": 345, 
    "gpsLatitude": 50.107131881744344, 
    "gpsLongitude": 8.66775447841805, 
    "outsideTemperature": 37.0, 
    "speed": 3.2252500000000004, 
    "yawRate": -0.03380015961271843
}