{
    "gpsHeading": 19, 
    "gpsLatitude": 51.96585838956455, 
    "gpsLongitude": 7.623720628375112, 
    "outsideTemperature": 33.0, 
    "speed": 1.0390625, 
    "yawRate": 0.05637500901347825
}