{
    "gpsHeading": 348, 
    "gpsLatitude": 50.10715744654902, 
    "gpsLongitude": 8.665327833629856, 
    "outsideTemperature": 33.5, 
    "speed": 6.1761875, 
    "yawRate": 0.024746023451132963
}