{
    "gpsHeading": 147, 
    "gpsLatitude": 47.54565512852478, 
    "gpsLongitude": 9.684228295545445, 
    "outsideTemperature": 17.0, 
    "speed": 6.5585625, 
    "yawRate": -0.06406432180079766
}