{
    "gpsHeading": 62, 
    "gpsLatitude": 50.11828995506993, 
    "gpsLongitude": 8.6855355963564, 
    "outsideTemperature": 37.0, 
    "speed": 6.0764375, 
    "yawRate": -0.011517197992597622
}