{
    "gpsHeading": 353, 
    "gpsLatitude": 50.11277826699915, 
    "gpsLongitude": 8.681049182681981, 
    "outsideTemperature": 31.5, 
    "speed": 0.9393125, 
    "yawRate": -0.013625489418036391
}