{
    "gpsHeading": 160, 
    "gpsLatitude": 50.106182379752674, 
    "gpsLongitude": 8.687167552904572, 
    "outsideTemperature": 30.0, 
    "speed": 7.780500000000001, 
    "yawRate": 0.17190581338288305
}