{
    "gpsHeading": 94, 
    "gpsLatitude": 50.10442268300012, 
    "gpsLongitude": 8.699078656411405, 
    "outsideTemperature": 31.0, 
    "speed": 12.1944375, 
    "yawRate": 0.005247689229045832
}