{
    "gpsHeading": 286, 
    "gpsLatitude": 47.55855127329274, 
    "gpsLongitude": 9.674770491278899, 
    "outsideTemperature": 19.0, 
    "speed": 7.040687500000001, 
    "yawRate": 0.059434974148920974
}