{
    "gpsHeading": 188, 
    "gpsLatitude": 51.951102216663024, 
    "gpsLongitude": 7.637230076998406, 
    "outsideTemperature": 23.5, 
    "speed": 4.821250000000001, 
    "yawRate": -0.17502337810887744
}