{
    "gpsHeading": 325, 
    "gpsLatitude": 47.54543267281453, 
    "gpsLongitude": 9.684329968030982, 
    "outsideTemperature": 16.5, 
    "speed": 1.8869375, 
    "yawRate": 0.01616798935342295
}