{
    "gpsHeading": 302, 
    "gpsLatitude": 50.087689889691866, 
    "gpsLongitude": 8.650456996292897, 
    "outsideTemperature": 31.0, 
    "speed": 0.0, 
    "yawRate": -0.00047655019706578975
}