{
    "gpsHeading": 197, 
    "gpsLatitude": 50.112203268441334, 
    "gpsLongitude": 8.675921385776611, 
    "outsideTemperature": 36.0, 
    "speed": 2.4854375, 
    "yawRate": 0.025195358104414704
}