{
    "gpsHeading": 91, 
    "gpsLatitude": 47.54670152531715, 
    "gpsLongitude": 9.687282996338572, 
    "outsideTemperature": 16.0, 
    "speed": 4.538625, 
    "yawRate": 0.14584595277659956
}