{
    "gpsHeading": 130, 
    "gpsLatitude": 50.104999609395655, 
    "gpsLongitude": 8.695015025933134, 
    "outsideTemperature": 33.0, 
    "speed": 5.511187500000001, 
    "yawRate": 0.014243449269654746
}