{
    "gpsHeading": 15, 
    "gpsLatitude": 51.957068371523945, 
    "gpsLongitude": 7.646803719166815, 
    "outsideTemperature": 26.5, 
    "speed": 12.0780625, 
    "yawRate": -0.00407036083299922
}