{
    "gpsHeading": 237, 
    "gpsLatitude": 50.10378381434011, 
    "gpsLongitude": 8.688881987379988, 
    "outsideTemperature": 31.0, 
    "speed": 1.2635, 
    "yawRate": 0.016753264538477385
}