{
    "gpsHeading": 2, 
    "gpsLatitude": 51.95730172370834, 
    "gpsLongitude": 7.62674959672547, 
    "outsideTemperature": 23.0, 
    "speed": 4.5968125, 
    "yawRate": -0.016174740050504607
}