{
    "gpsHeading": 5, 
    "gpsLatitude": 51.95336139102577, 
    "gpsLongitude": 7.619660099201004, 
    "outsideTemperature": 23.5, 
    "speed": 4.7630625, 
    "yawRate": 0.011543988775260054
}