{
    "gpsHeading": 66, 
    "gpsLatitude": 51.95508948800336, 
    "gpsLongitude": 7.620690654196375, 
    "outsideTemperature": 24.0, 
    "speed": 5.004125, 
    "yawRate": -0.0017781381164853633
}