{
    "gpsHeading": 176, 
    "gpsLatitude": 50.10647633309703, 
    "gpsLongitude": 8.692373888242692, 
    "outsideTemperature": 34.5, 
    "speed": 8.694875, 
    "yawRate": 0.0005821297777078775
}