{
    "gpsHeading": 316, 
    "gpsLatitude": 50.10484127524468, 
    "gpsLongitude": 8.667011925615778, 
    "outsideTemperature": 29.0, 
    "speed": 3.4746250000000005, 
    "yawRate": 0.03165522892172945
}