{
    "gpsHeading": 155, 
    "gpsLatitude": 51.95535393704855, 
    "gpsLongitude": 7.638060975060131, 
    "outsideTemperature": 24.0, 
    "speed": 5.012437500000001, 
    "yawRate": 0.024217003342475965
}