{
    "gpsHeading": 112, 
    "gpsLatitude": 51.953941418725485, 
    "gpsLongitude": 7.6315817639058485, 
    "outsideTemperature": 29.5, 
    "speed": 9.80875, 
    "yawRate": 0.036160476363504196
}