{
    "gpsHeading": 308, 
    "gpsLatitude": 50.111946279289995, 
    "gpsLongitude": 8.656176974657582, 
    "outsideTemperature": 29.0, 
    "speed": 12.1944375, 
    "yawRate": 0.0012592687808269504
}