{
    "gpsHeading": 49, 
    "gpsLatitude": 51.96030755800593, 
    "gpsLongitude": 7.630447860044341, 
    "outsideTemperature": 25.0, 
    "speed": 5.1953125, 
    "yawRate": 0.03867654964005067
}