{
    "gpsHeading": 334, 
    "gpsLatitude": 50.10289323712777, 
    "gpsLongitude": 8.66493421945676, 
    "outsideTemperature": 26.5, 
    "speed": 0.49875, 
    "yawRate": 0.0017079896752303786
}