{
    "gpsHeading": 284, 
    "gpsLatitude": 47.75035763258851, 
    "gpsLongitude": 9.214038563783234, 
    "outsideTemperature": 25.0, 
    "speed": 23.324875000000002, 
    "yawRate": 0.05752456807136745
}